ticker,start,end,levels,freq,source,path,size_bytes,extracted,n_csv,csv_date_min,csv_date_max,schema,parse_ok
AAL,2007-06-27,2022-01-01,1,60,7z,/Users/zhiyichen/Desktop/wasserstein-finance/data_by_stocks/_data_dwn_32_302__AAL_2007-06-27_2022-01-01_1_60.7z,5282735,False,,,,,True
AAPL,2007-06-27,2021-07-01,10,60,dir,/Users/zhiyichen/Desktop/wasserstein-finance/data_by_stocks/_data_dwn_32_302__AAPL_2007-06-27_2021-07-01_10_60,112960,True,3528,2007-06-27,2021-07-01,,True
AAPL,2007-06-27,2021-07-01,10,60,7z,/Users/zhiyichen/Desktop/wasserstein-finance/data_by_stocks/_data_dwn_32_302__AAPL_2007-06-27_2021-07-01_10_60.7z,64692333,False,,,,,True
AAP,2007-06-27,2022-01-01,1,60,7z,/Users/zhiyichen/Desktop/wasserstein-finance/data_by_stocks/_data_dwn_32_302__AAP_2007-06-27_2022-01-01_1_60.7z,7997098,False,,,,,True
ABBV,2007-06-27,2021-07-01,10,60,7z,/Users/zhiyichen/Desktop/wasserstein-finance/data_by_stocks/_data_dwn_32_302__ABBV_2007-06-27_2021-07-01_10_60.7z,30640995,False,,,,,True
ABC,2007-06-27,2022-01-01,1,60,7z,/Users/zhiyichen/Desktop/wasserstein-finance/data_by_stocks/_data_dwn_32_302__ABC_2007-06-27_2022-01-01_1_60.7z,8204113,False,,,,,True
ABMD,2007-06-27,2022-01-01,1,60,7z,/Users/zhiyichen/Desktop/wasserstein-finance/data_by_stocks/_data_dwn_32_302__ABMD_2007-06-27_2022-01-01_1_60.7z,7409980,False,,,,,True
ABT,2007-06-27,2021-07-01,10,60,7z,/Users/zhiyichen/Desktop/wasserstein-finance/data_by_stocks/_data_dwn_32_302__ABT_2007-06-27_2021-07-01_10_60.7z,51676303,False,,,,,True
ACN,2007-06-27,2021-07-01,10,60,7z,/Users/zhiyichen/Desktop/wasserstein-finance/data_by_stocks/_data_dwn_32_302__ACN_2007-06-27_2021-07-01_10_60.7z,50954146,False,,,,,True
ADBE,2007-06-27,2021-07-01,10,60,7z,/Users/zhiyichen/Desktop/wasserstein-finance/data_by_stocks/_data_dwn_32_302__ADBE_2007-06-27_2021-07-01_10_60.7z,58379415,False,,,,,True
ADI,2007-06-27,2022-01-01,1,60,7z,/Users/zhiyichen/Desktop/wasserstein-finance/data_by_stocks/_data_dwn_32_302__ADI_2007-06-27_2022-01-01_1_60.7z,8842179,False,,,,,True
ADM,2007-06-27,2021-01-01,1,60,7z,/Users/zhiyichen/Desktop/wasserstein-finance/data_by_stocks/_data_dwn_32_302__ADM_2007-06-27_2021-01-01_1_60.7z,7898343,False,,,,,True
ADP,2007-06-27,2021-07-01,10,60,7z,/Users/zhiyichen/Desktop/wasserstein-finance/data_by_stocks/_data_dwn_32_302__ADP_2007-06-27_2021-07-01_10_60.7z,54586846,False,,,,,True
ADSK,2007-06-27,2022-01-01,1,60,7z,/Users/zhiyichen/Desktop/wasserstein-finance/data_by_stocks/_data_dwn_32_302__ADSK_2007-06-27_2022-01-01_1_60.7z,9130792,False,,,,,True
ADS,2007-06-27,2022-01-01,1,60,7z,/Users/zhiyichen/Desktop/wasserstein-finance/data_by_stocks/_data_dwn_32_302__ADS_2007-06-27_2022-01-01_1_60.7z,8051877,False,,,,,True
AEE,2007-06-27,2021-01-01,1,60,7z,/Users/zhiyichen/Desktop/wasserstein-finance/data_by_stocks/_data_dwn_32_302__AEE_2007-06-27_2021-01-01_1_60.7z,7475692,False,,,,,True
AEP,2007-06-27,2022-01-01,1,60,7z,/Users/zhiyichen/Desktop/wasserstein-finance/data_by_stocks/_data_dwn_32_302__AEP_2007-06-27_2022-01-01_1_60.7z,8400652,False,,,,,True
AES,2007-06-27,2022-01-01,1,60,7z,/Users/zhiyichen/Desktop/wasserstein-finance/data_by_stocks/_data_dwn_32_302__AES_2007-06-27_2022-01-01_1_60.7z,8642450,False,,,,,True
AFL,2007-06-27,2022-01-01,1,60,7z,/Users/zhiyichen/Desktop/wasserstein-finance/data_by_stocks/_data_dwn_32_302__AFL_2007-06-27_2022-01-01_1_60.7z,8267216,False,,,,,True
AGN,2007-06-27,2021-07-01,10,60,7z,/Users/zhiyichen/Desktop/wasserstein-finance/data_by_stocks/_data_dwn_32_302__AGN_2007-06-27_2021-07-01_10_60.7z,45181795,False,,,,,True
AIG,2007-06-27,2022-01-01,1,60,7z,/Users/zhiyichen/Desktop/wasserstein-finance/data_by_stocks/_data_dwn_32_302__AIG_2007-06-27_2022-01-01_1_60.7z,8976203,False,,,,,True
AIV,2007-06-27,2022-01-01,1,60,7z,/Users/zhiyichen/Desktop/wasserstein-finance/data_by_stocks/_data_dwn_32_302__AIV_2007-06-27_2022-01-01_1_60.7z,7990078,False,,,,,True
AIZ,2007-06-27,2022-01-01,1,60,7z,/Users/zhiyichen/Desktop/wasserstein-finance/data_by_stocks/_data_dwn_32_302__AIZ_2007-06-27_2022-01-01_1_60.7z,8062726,False,,,,,True
AJG,2007-06-27,2022-01-01,1,60,7z,/Users/zhiyichen/Desktop/wasserstein-finance/data_by_stocks/_data_dwn_32_302__AJG_2007-06-27_2022-01-01_1_60.7z,7358587,False,,,,,True
AKAM,2007-06-27,2022-01-01,1,60,7z,/Users/zhiyichen/Desktop/wasserstein-finance/data_by_stocks/_data_dwn_32_302__AKAM_2007-06-27_2022-01-01_1_60.7z,8887549,False,,,,,True
ALB,2007-06-27,2022-01-01,1,60,7z,/Users/zhiyichen/Desktop/wasserstein-finance/data_by_stocks/_data_dwn_32_302__ALB_2007-06-27_2022-01-01_1_60.7z,7842120,False,,,,,True
ALGN,2007-06-27,2021-01-01,1,60,7z,/Users/zhiyichen/Desktop/wasserstein-finance/data_by_stocks/_data_dwn_32_302__ALGN_2007-06-27_2021-01-01_1_60.7z,7330383,False,,,,,True
ALK,2007-06-27,2022-01-01,1,60,7z,/Users/zhiyichen/Desktop/wasserstein-finance/data_by_stocks/_data_dwn_32_302__ALK_2007-06-27_2022-01-01_1_60.7z,7758068,False,,,,,True
ALLE,2007-06-27,2022-01-01,1,60,7z,/Users/zhiyichen/Desktop/wasserstein-finance/data_by_stocks/_data_dwn_32_302__ALLE_2007-06-27_2022-01-01_1_60.7z,4499303,False,,,,,True
ALL,2007-06-27,2022-01-01,1,60,7z,/Users/zhiyichen/Desktop/wasserstein-finance/data_by_stocks/_data_dwn_32_302__ALL_2007-06-27_2022-01-01_1_60.7z,8684842,False,,,,,True
ALXN,2007-06-27,2021-01-01,1,60,7z,/Users/zhiyichen/Desktop/wasserstein-finance/data_by_stocks/_data_dwn_32_302__ALXN_2007-06-27_2021-01-01_1_60.7z,8105819,False,,,,,True
AMAT,2007-06-27,2022-01-01,1,60,7z,/Users/zhiyichen/Desktop/wasserstein-finance/data_by_stocks/_data_dwn_32_302__AMAT_2007-06-27_2022-01-01_1_60.7z,10301770,False,,,,,True
AMCR,2007-06-27,2022-01-01,1,60,7z,/Users/zhiyichen/Desktop/wasserstein-finance/data_by_stocks/_data_dwn_32_302__AMCR_2007-06-27_2022-01-01_1_60.7z,1449448,False,,,,,True
AMD,2007-06-27,2022-01-01,1,60,7z,/Users/zhiyichen/Desktop/wasserstein-finance/data_by_stocks/_data_dwn_32_302__AMD_2007-06-27_2022-01-01_1_60.7z,9707130,False,,,,,True
AME,2007-06-27,2021-01-01,1,60,7z,/Users/zhiyichen/Desktop/wasserstein-finance/data_by_stocks/_data_dwn_32_302__AME_2007-06-27_2021-01-01_1_60.7z,6986111,False,,,,,True
AMGN,2007-06-27,2021-07-01,10,60,7z,/Users/zhiyichen/Desktop/wasserstein-finance/data_by_stocks/_data_dwn_32_302__AMGN_2007-06-27_2021-07-01_10_60.7z,58113869,False,,,,,True
AMG,2007-06-27,2022-01-01,1,60,7z,/Users/zhiyichen/Desktop/wasserstein-finance/data_by_stocks/_data_dwn_32_302__AMG_2007-06-27_2022-01-01_1_60.7z,8122962,False,,,,,True
AMP,2007-06-27,2021-01-01,1,60,7z,/Users/zhiyichen/Desktop/wasserstein-finance/data_by_stocks/_data_dwn_32_302__AMP_2007-06-27_2021-01-01_1_60.7z,8027578,False,,,,,True
AMT,2007-06-27,2021-07-01,10,60,7z,/Users/zhiyichen/Desktop/wasserstein-finance/data_by_stocks/_data_dwn_32_302__AMT_2007-06-27_2021-07-01_10_60.7z,51993997,False,,,,,True
AMZN,2007-06-27,2021-07-01,10,60,7z,/Users/zhiyichen/Desktop/wasserstein-finance/data_by_stocks/_data_dwn_32_302__AMZN_2007-06-27_2021-07-01_10_60.7z,60810008,False,,,,,True
ANET,2007-06-27,2022-01-01,1,60,7z,/Users/zhiyichen/Desktop/wasserstein-finance/data_by_stocks/_data_dwn_32_302__ANET_2007-06-27_2022-01-01_1_60.7z,4542876,False,,,,,True
ANSS,2007-06-27,2021-01-01,1,60,7z,/Users/zhiyichen/Desktop/wasserstein-finance/data_by_stocks/_data_dwn_32_302__ANSS_2007-06-27_2021-01-01_1_60.7z,7341675,False,,,,,True
ANTM,2007-06-27,2021-07-01,10,60,7z,/Users/zhiyichen/Desktop/wasserstein-finance/data_by_stocks/_data_dwn_32_302__ANTM_2007-06-27_2021-07-01_10_60.7z,23473315,False,,,,,True
AON,2007-06-27,2022-01-01,1,60,7z,/Users/zhiyichen/Desktop/wasserstein-finance/data_by_stocks/_data_dwn_32_302__AON_2007-06-27_2022-01-01_1_60.7z,7114948,False,,,,,True
AOS,2007-06-27,2022-01-01,1,60,7z,/Users/zhiyichen/Desktop/wasserstein-finance/data_by_stocks/_data_dwn_32_302__AOS_2007-06-27_2022-01-01_1_60.7z,7297401,False,,,,,True
APA,2007-06-27,2022-01-01,1,60,7z,/Users/zhiyichen/Desktop/wasserstein-finance/data_by_stocks/_data_dwn_32_302__APA_2007-06-27_2022-01-01_1_60.7z,8531107,False,,,,,True
APD,2007-06-27,2022-01-01,1,60,7z,/Users/zhiyichen/Desktop/wasserstein-finance/data_by_stocks/_data_dwn_32_302__APD_2007-06-27_2022-01-01_1_60.7z,8537058,False,,,,,True
APH,2007-06-27,2022-01-01,1,60,7z,/Users/zhiyichen/Desktop/wasserstein-finance/data_by_stocks/_data_dwn_32_302__APH_2007-06-27_2022-01-01_1_60.7z,8011359,False,,,,,True
APTV,2007-06-27,2021-01-01,1,60,7z,/Users/zhiyichen/Desktop/wasserstein-finance/data_by_stocks/_data_dwn_32_302__APTV_2007-06-27_2021-01-01_1_60.7z,1851537,False,,,,,True
ARE,2007-06-27,2022-01-01,1,60,7z,/Users/zhiyichen/Desktop/wasserstein-finance/data_by_stocks/_data_dwn_32_302__ARE_2007-06-27_2022-01-01_1_60.7z,7893066,False,,,,,True
ARNC,2007-06-27,2022-01-01,1,60,7z,/Users/zhiyichen/Desktop/wasserstein-finance/data_by_stocks/_data_dwn_32_302__ARNC_2007-06-27_2022-01-01_1_60.7z,2793662,False,,,,,True
ATO,2007-06-27,2022-01-01,1,60,7z,/Users/zhiyichen/Desktop/wasserstein-finance/data_by_stocks/_data_dwn_32_302__ATO_2007-06-27_2022-01-01_1_60.7z,7266016,False,,,,,True
ATVI,2007-06-27,2022-01-01,1,60,7z,/Users/zhiyichen/Desktop/wasserstein-finance/data_by_stocks/_data_dwn_32_302__ATVI_2007-06-27_2022-01-01_1_60.7z,9243904,False,,,,,True
AVB,2007-06-27,2021-01-01,1,60,7z,/Users/zhiyichen/Desktop/wasserstein-finance/data_by_stocks/_data_dwn_32_302__AVB_2007-06-27_2021-01-01_1_60.7z,8195509,False,,,,,True
AVGO,2007-06-27,2021-07-01,10,60,7z,/Users/zhiyichen/Desktop/wasserstein-finance/data_by_stocks/_data_dwn_32_302__AVGO_2007-06-27_2021-07-01_10_60.7z,44420996,False,,,,,True
AVY,2007-06-27,2022-01-01,1,60,7z,/Users/zhiyichen/Desktop/wasserstein-finance/data_by_stocks/_data_dwn_32_302__AVY_2007-06-27_2022-01-01_1_60.7z,8026256,False,,,,,True
AWK,2007-06-27,2021-01-01,1,60,7z,/Users/zhiyichen/Desktop/wasserstein-finance/data_by_stocks/_data_dwn_32_302__AWK_2007-06-27_2021-01-01_1_60.7z,6340068,False,,,,,True
AXP,2007-06-27,2021-07-01,10,60,7z,/Users/zhiyichen/Desktop/wasserstein-finance/data_by_stocks/_data_dwn_32_302__AXP_2007-06-27_2021-07-01_10_60.7z,56778818,False,,,,,True
AZO,2007-06-27,2022-01-01,1,60,7z,/Users/zhiyichen/Desktop/wasserstein-finance/data_by_stocks/_data_dwn_32_302__AZO_2007-06-27_2022-01-01_1_60.7z,8790803,False,,,,,True
A,2007-06-27,2021-01-01,1,60,dir,/Users/zhiyichen/Desktop/wasserstein-finance/data_by_stocks/_data_dwn_32_302__A_2007-06-27_2021-01-01_1_60,108960,True,3403,2007-06-27,2020-12-31,,True
A,2007-06-27,2021-01-01,1,60,7z,/Users/zhiyichen/Desktop/wasserstein-finance/data_by_stocks/_data_dwn_32_302__A_2007-06-27_2021-01-01_1_60.7z,7631942,False,,,,,True
BAC,2007-06-27,2021-07-01,10,60,7z,/Users/zhiyichen/Desktop/wasserstein-finance/data_by_stocks/_data_dwn_32_302__BAC_2007-06-27_2021-07-01_10_60.7z,60097289,False,,,,,True
BAX,2007-06-27,2022-01-01,1,60,7z,/Users/zhiyichen/Desktop/wasserstein-finance/data_by_stocks/_data_dwn_32_302__BAX_2007-06-27_2022-01-01_1_60.7z,8212818,False,,,,,True
BA,2007-06-27,2021-07-01,10,60,7z,/Users/zhiyichen/Desktop/wasserstein-finance/data_by_stocks/_data_dwn_32_302__BA_2007-06-27_2021-07-01_10_60.7z,57062180,False,,,,,True
BBY,2007-06-27,2021-01-01,1,60,7z,/Users/zhiyichen/Desktop/wasserstein-finance/data_by_stocks/_data_dwn_32_302__BBY_2007-06-27_2021-01-01_1_60.7z,7974333,False,,,,,True
BDX,2007-06-27,2021-07-01,10,60,7z,/Users/zhiyichen/Desktop/wasserstein-finance/data_by_stocks/_data_dwn_32_302__BDX_2007-06-27_2021-07-01_10_60.7z,48693446,False,,,,,True
BEN,2007-06-27,2022-01-01,1,60,7z,/Users/zhiyichen/Desktop/wasserstein-finance/data_by_stocks/_data_dwn_32_302__BEN_2007-06-27_2022-01-01_1_60.7z,8382430,False,,,,,True
BF.B,2007-06-27,2022-01-01,1,60,7z,/Users/zhiyichen/Desktop/wasserstein-finance/data_by_stocks/_data_dwn_32_302__BF.B_2007-06-27_2022-01-01_1_60.7z,7614788,False,,,,,True
BIIB,2007-06-27,2022-01-01,1,60,7z,/Users/zhiyichen/Desktop/wasserstein-finance/data_by_stocks/_data_dwn_32_302__BIIB_2007-06-27_2022-01-01_1_60.7z,9315371,False,,,,,True
BKNG,2007-06-27,2021-07-01,10,60,7z,/Users/zhiyichen/Desktop/wasserstein-finance/data_by_stocks/_data_dwn_32_302__BKNG_2007-06-27_2021-07-01_10_60.7z,13305195,False,,,,,True
BKR,2007-06-27,2022-01-01,1,60,7z,/Users/zhiyichen/Desktop/wasserstein-finance/data_by_stocks/_data_dwn_32_302__BKR_2007-06-27_2022-01-01_1_60.7z,3358736,False,,,,,True
BK,2007-06-27,2022-01-01,1,60,7z,/Users/zhiyichen/Desktop/wasserstein-finance/data_by_stocks/_data_dwn_32_302__BK_2007-06-27_2022-01-01_1_60.7z,9016771,False,,,,,True
BLK,2007-06-27,2021-07-01,10,60,7z,/Users/zhiyichen/Desktop/wasserstein-finance/data_by_stocks/_data_dwn_32_302__BLK_2007-06-27_2021-07-01_10_60.7z,47801176,False,,,,,True
BLL,2007-06-27,2021-01-01,1,60,7z,/Users/zhiyichen/Desktop/wasserstein-finance/data_by_stocks/_data_dwn_32_302__BLL_2007-06-27_2021-01-01_1_60.7z,7255128,False,,,,,True
BMY,2007-06-27,2021-07-01,10,60,7z,/Users/zhiyichen/Desktop/wasserstein-finance/data_by_stocks/_data_dwn_32_302__BMY_2007-06-27_2021-07-01_10_60.7z,51635271,False,,,,,True
BRK.B,2007-06-27,2021-07-01,10,60,7z,/Users/zhiyichen/Desktop/wasserstein-finance/data_by_stocks/_data_dwn_32_302__BRK.B_2007-06-27_2021-07-01_10_60.7z,42169501,False,,,,,True
BR,2007-06-27,2022-01-01,1,60,7z,/Users/zhiyichen/Desktop/wasserstein-finance/data_by_stocks/_data_dwn_32_302__BR_2007-06-27_2022-01-01_1_60.7z,7287530,False,,,,,True
BSX,2007-06-27,2021-07-01,10,60,7z,/Users/zhiyichen/Desktop/wasserstein-finance/data_by_stocks/_data_dwn_32_302__BSX_2007-06-27_2021-07-01_10_60.7z,42180424,False,,,,,True
BWA,2007-06-27,2022-01-01,1,60,7z,/Users/zhiyichen/Desktop/wasserstein-finance/data_by_stocks/_data_dwn_32_302__BWA_2007-06-27_2022-01-01_1_60.7z,7908020,False,,,,,True
BXP,2007-06-27,2021-01-01,1,60,7z,/Users/zhiyichen/Desktop/wasserstein-finance/data_by_stocks/_data_dwn_32_302__BXP_2007-06-27_2021-01-01_1_60.7z,7953544,False,,,,,True
CAG,2007-06-27,2022-01-01,1,60,7z,/Users/zhiyichen/Desktop/wasserstein-finance/data_by_stocks/_data_dwn_32_302__CAG_2007-06-27_2022-01-01_1_60.7z,8405276,False,,,,,True
CAH,2007-06-27,2022-01-01,1,60,7z,/Users/zhiyichen/Desktop/wasserstein-finance/data_by_stocks/_data_dwn_32_302__CAH_2007-06-27_2022-01-01_1_60.7z,8095175,False,,,,,True
CAT,2007-06-27,2021-07-01,10,60,7z,/Users/zhiyichen/Desktop/wasserstein-finance/data_by_stocks/_data_dwn_32_302__CAT_2007-06-27_2021-07-01_10_60.7z,57348557,False,,,,,True
CBOE,2007-06-27,2022-01-01,1,60,7z,/Users/zhiyichen/Desktop/wasserstein-finance/data_by_stocks/_data_dwn_32_302__CBOE_2007-06-27_2022-01-01_1_60.7z,6147422,False,,,,,True
CBRE,2007-06-27,2021-01-01,1,60,7z,/Users/zhiyichen/Desktop/wasserstein-finance/data_by_stocks/_data_dwn_32_302__CBRE_2007-06-27_2021-01-01_1_60.7z,1621544,False,,,,,True
CB,2007-06-27,2021-07-01,10,60,7z,/Users/zhiyichen/Desktop/wasserstein-finance/data_by_stocks/_data_dwn_32_302__CB_2007-06-27_2021-07-01_10_60.7z,49952489,False,,,,,True
CCI,2007-06-27,2021-07-01,10,60,7z,/Users/zhiyichen/Desktop/wasserstein-finance/data_by_stocks/_data_dwn_32_302__CCI_2007-06-27_2021-07-01_10_60.7z,47900362,False,,,,,True
CCL,2007-06-27,2021-01-01,1,60,7z,/Users/zhiyichen/Desktop/wasserstein-finance/data_by_stocks/_data_dwn_32_302__CCL_2007-06-27_2021-01-01_1_60.7z,7970271,False,,,,,True
CDNS,2007-06-27,2021-01-01,1,60,7z,/Users/zhiyichen/Desktop/wasserstein-finance/data_by_stocks/_data_dwn_32_302__CDNS_2007-06-27_2021-01-01_1_60.7z,7786801,False,,,,,True
CDW,2007-06-27,2021-01-01,1,60,7z,/Users/zhiyichen/Desktop/wasserstein-finance/data_by_stocks/_data_dwn_32_302__CDW_2007-06-27_2021-01-01_1_60.7z,3975126,False,,,,,True
CERN,2007-06-27,2021-01-01,1,60,7z,/Users/zhiyichen/Desktop/wasserstein-finance/data_by_stocks/_data_dwn_32_302__CERN_2007-06-27_2021-01-01_1_60.7z,7808999,False,,,,,True
CE,2007-06-27,2022-01-01,1,60,7z,/Users/zhiyichen/Desktop/wasserstein-finance/data_by_stocks/_data_dwn_32_302__CE_2007-06-27_2022-01-01_1_60.7z,7767654,False,,,,,True
CFG,2007-06-27,2022-01-01,1,60,7z,/Users/zhiyichen/Desktop/wasserstein-finance/data_by_stocks/_data_dwn_32_302__CFG_2007-06-27_2022-01-01_1_60.7z,4125459,False,,,,,True
CF,2007-06-27,2022-01-01,1,60,7z,/Users/zhiyichen/Desktop/wasserstein-finance/data_by_stocks/_data_dwn_32_302__CF_2007-06-27_2022-01-01_1_60.7z,8485221,False,,,,,True
CHD,2007-06-27,2022-01-01,1,60,7z,/Users/zhiyichen/Desktop/wasserstein-finance/data_by_stocks/_data_dwn_32_302__CHD_2007-06-27_2022-01-01_1_60.7z,7547070,False,,,,,True
CHRW,2007-06-27,2022-01-01,1,60,7z,/Users/zhiyichen/Desktop/wasserstein-finance/data_by_stocks/_data_dwn_32_302__CHRW_2007-06-27_2022-01-01_1_60.7z,8634416,False,,,,,True
CHTR,2007-06-27,2021-07-01,10,60,7z,/Users/zhiyichen/Desktop/wasserstein-finance/data_by_stocks/_data_dwn_32_302__CHTR_2007-06-27_2021-07-01_10_60.7z,40266749,False,,,,,True
CINF,2007-06-27,2022-01-01,1,60,7z,/Users/zhiyichen/Desktop/wasserstein-finance/data_by_stocks/_data_dwn_32_302__CINF_2007-06-27_2022-01-01_1_60.7z,8417418,False,,,,,True
CI,2007-06-27,2021-07-01,10,60,7z,/Users/zhiyichen/Desktop/wasserstein-finance/data_by_stocks/_data_dwn_32_302__CI_2007-06-27_2021-07-01_10_60.7z,51380229,False,,,,,True
CLX,2007-06-27,2021-01-01,1,60,7z,/Users/zhiyichen/Desktop/wasserstein-finance/data_by_stocks/_data_dwn_32_302__CLX_2007-06-27_2021-01-01_1_60.7z,7673143,False,,,,,True
CL,2007-06-27,2021-07-01,10,60,7z,/Users/zhiyichen/Desktop/wasserstein-finance/data_by_stocks/_data_dwn_32_302__CL_2007-06-27_2021-07-01_10_60.7z,46769212,False,,,,,True
CMA,2007-06-27,2022-01-01,1,60,7z,/Users/zhiyichen/Desktop/wasserstein-finance/data_by_stocks/_data_dwn_32_302__CMA_2007-06-27_2022-01-01_1_60.7z,8465808,False,,,,,True
CMCSA,2007-06-27,2021-07-01,10,60,7z,/Users/zhiyichen/Desktop/wasserstein-finance/data_by_stocks/_data_dwn_32_302__CMCSA_2007-06-27_2021-07-01_10_60.7z,60088706,False,,,,,True
CME,2007-06-27,2021-07-01,10,60,7z,/Users/zhiyichen/Desktop/wasserstein-finance/data_by_stocks/_data_dwn_32_302__CME_2007-06-27_2021-07-01_10_60.7z,53233940,False,,,,,True
CMG,2007-06-27,2021-01-01,1,60,7z,/Users/zhiyichen/Desktop/wasserstein-finance/data_by_stocks/_data_dwn_32_302__CMG_2007-06-27_2021-01-01_1_60.7z,8161370,False,,,,,True
CMI,2007-06-27,2021-01-01,1,60,7z,/Users/zhiyichen/Desktop/wasserstein-finance/data_by_stocks/_data_dwn_32_302__CMI_2007-06-27_2021-01-01_1_60.7z,8165143,False,,,,,True
CMS,2007-06-27,2022-01-01,1,60,7z,/Users/zhiyichen/Desktop/wasserstein-finance/data_by_stocks/_data_dwn_32_302__CMS_2007-06-27_2022-01-01_1_60.7z,8354493,False,,,,,True
CNC,2007-06-27,2021-01-01,1,60,7z,/Users/zhiyichen/Desktop/wasserstein-finance/data_by_stocks/_data_dwn_32_302__CNC_2007-06-27_2021-01-01_1_60.7z,6933323,False,,,,,True
CNP,2007-06-27,2022-01-01,1,60,7z,/Users/zhiyichen/Desktop/wasserstein-finance/data_by_stocks/_data_dwn_32_302__CNP_2007-06-27_2022-01-01_1_60.7z,8565308,False,,,,,True
COF,2007-06-27,2022-01-01,1,60,7z,/Users/zhiyichen/Desktop/wasserstein-finance/data_by_stocks/_data_dwn_32_302__COF_2007-06-27_2022-01-01_1_60.7z,8581970,False,,,,,True
COG,2007-06-27,2022-01-01,1,60,7z,/Users/zhiyichen/Desktop/wasserstein-finance/data_by_stocks/_data_dwn_32_302__COG_2007-06-27_2022-01-01_1_60.7z,8376181,False,,,,,True
COO,2007-06-27,2022-01-01,1,60,7z,/Users/zhiyichen/Desktop/wasserstein-finance/data_by_stocks/_data_dwn_32_302__COO_2007-06-27_2022-01-01_1_60.7z,7506652,False,,,,,True
COP,2007-06-27,2021-07-01,10,60,7z,/Users/zhiyichen/Desktop/wasserstein-finance/data_by_stocks/_data_dwn_32_302__COP_2007-06-27_2021-07-01_10_60.7z,55446290,False,,,,,True
COST,2007-06-27,2021-07-01,10,60,7z,/Users/zhiyichen/Desktop/wasserstein-finance/data_by_stocks/_data_dwn_32_302__COST_2007-06-27_2021-07-01_10_60.7z,57255164,False,,,,,True
COTY,2007-06-27,2022-01-01,1,60,7z,/Users/zhiyichen/Desktop/wasserstein-finance/data_by_stocks/_data_dwn_32_302__COTY_2007-06-27_2022-01-01_1_60.7z,4466923,False,,,,,True
CPB,2007-06-27,2022-01-01,1,60,7z,/Users/zhiyichen/Desktop/wasserstein-finance/data_by_stocks/_data_dwn_32_302__CPB_2007-06-27_2022-01-01_1_60.7z,8008953,False,,,,,True
CPRI,2007-06-27,2022-01-01,1,60,7z,/Users/zhiyichen/Desktop/wasserstein-finance/data_by_stocks/_data_dwn_32_302__CPRI_2007-06-27_2022-01-01_1_60.7z,1793668,False,,,,,True
CPRT,2007-06-27,2022-01-01,1,60,7z,/Users/zhiyichen/Desktop/wasserstein-finance/data_by_stocks/_data_dwn_32_302__CPRT_2007-06-27_2022-01-01_1_60.7z,7551643,False,,,,,True
CRM,2007-06-27,2021-07-01,10,60,7z,/Users/zhiyichen/Desktop/wasserstein-finance/data_by_stocks/_data_dwn_32_302__CRM_2007-06-27_2021-07-01_10_60.7z,51763630,False,,,,,True
CSCO,2007-06-27,2021-07-01,10,60,7z,/Users/zhiyichen/Desktop/wasserstein-finance/data_by_stocks/_data_dwn_32_302__CSCO_2007-06-27_2021-07-01_10_60.7z,62351371,False,,,,,True
CSX,2007-06-27,2021-07-01,10,60,7z,/Users/zhiyichen/Desktop/wasserstein-finance/data_by_stocks/_data_dwn_32_302__CSX_2007-06-27_2021-07-01_10_60.7z,52211935,False,,,,,True
CTAS,2007-06-27,2021-01-01,1,60,7z,/Users/zhiyichen/Desktop/wasserstein-finance/data_by_stocks/_data_dwn_32_302__CTAS_2007-06-27_2021-01-01_1_60.7z,7915322,False,,,,,True
CTL,2007-06-27,2022-01-01,1,60,7z,/Users/zhiyichen/Desktop/wasserstein-finance/data_by_stocks/_data_dwn_32_302__CTL_2007-06-27_2022-01-01_1_60.7z,7823849,False,,,,,True
CTSH,2007-06-27,2022-01-01,1,60,7z,/Users/zhiyichen/Desktop/wasserstein-finance/data_by_stocks/_data_dwn_32_302__CTSH_2007-06-27_2022-01-01_1_60.7z,8862186,False,,,,,True
CTVA,2007-06-27,2021-01-01,1,60,7z,/Users/zhiyichen/Desktop/wasserstein-finance/data_by_stocks/_data_dwn_32_302__CTVA_2007-06-27_2021-01-01_1_60.7z,925563,False,,,,,True
CTXS,2007-06-27,2022-01-01,1,60,7z,/Users/zhiyichen/Desktop/wasserstein-finance/data_by_stocks/_data_dwn_32_302__CTXS_2007-06-27_2022-01-01_1_60.7z,8878768,False,,,,,True
CVS,2007-06-27,2021-07-01,10,60,7z,/Users/zhiyichen/Desktop/wasserstein-finance/data_by_stocks/_data_dwn_32_302__CVS_2007-06-27_2021-07-01_10_60.7z,53489837,False,,,,,True
CVX,2007-06-27,2021-07-01,10,60,7z,/Users/zhiyichen/Desktop/wasserstein-finance/data_by_stocks/_data_dwn_32_302__CVX_2007-06-27_2021-07-01_10_60.7z,56938944,False,,,,,True
CXO,2007-06-27,2022-01-01,1,60,7z,/Users/zhiyichen/Desktop/wasserstein-finance/data_by_stocks/_data_dwn_32_302__CXO_2007-06-27_2022-01-01_1_60.7z,7317581,False,,,,,True
C,2007-06-27,2021-07-01,10,60,7z,/Users/zhiyichen/Desktop/wasserstein-finance/data_by_stocks/_data_dwn_32_302__C_2007-06-27_2021-07-01_10_60.7z,59724671,False,,,,,True
DAL,2007-06-27,2022-01-01,1,60,7z,/Users/zhiyichen/Desktop/wasserstein-finance/data_by_stocks/_data_dwn_32_302__DAL_2007-06-27_2022-01-01_1_60.7z,8826165,False,,,,,True
DD,2007-06-27,2022-01-01,1,60,7z,/Users/zhiyichen/Desktop/wasserstein-finance/data_by_stocks/_data_dwn_32_302__DD_2007-06-27_2022-01-01_1_60.7z,6506170,False,,,,,True
DE,2007-06-27,2022-01-01,1,60,7z,/Users/zhiyichen/Desktop/wasserstein-finance/data_by_stocks/_data_dwn_32_302__DE_2007-06-27_2022-01-01_1_60.7z,8647525,False,,,,,True
DFS,2007-06-27,2021-01-01,1,60,7z,/Users/zhiyichen/Desktop/wasserstein-finance/data_by_stocks/_data_dwn_32_302__DFS_2007-06-27_2021-01-01_1_60.7z,8081690,False,,,,,True
DGX,2007-06-27,2022-01-01,1,60,7z,/Users/zhiyichen/Desktop/wasserstein-finance/data_by_stocks/_data_dwn_32_302__DGX_2007-06-27_2022-01-01_1_60.7z,7897839,False,,,,,True
DG,2007-06-27,2022-01-01,1,60,7z,/Users/zhiyichen/Desktop/wasserstein-finance/data_by_stocks/_data_dwn_32_302__DG_2007-06-27_2022-01-01_1_60.7z,6738852,False,,,,,True
DHI,2007-06-27,2021-01-01,1,60,7z,/Users/zhiyichen/Desktop/wasserstein-finance/data_by_stocks/_data_dwn_32_302__DHI_2007-06-27_2021-01-01_1_60.7z,8386407,False,,,,,True
DHR,2007-06-27,2021-07-01,10,60,7z,/Users/zhiyichen/Desktop/wasserstein-finance/data_by_stocks/_data_dwn_32_302__DHR_2007-06-27_2021-07-01_10_60.7z,51234351,False,,,,,True
DISCA,2007-06-27,2022-01-01,1,60,7z,/Users/zhiyichen/Desktop/wasserstein-finance/data_by_stocks/_data_dwn_32_302__DISCA_2007-06-27_2022-01-01_1_60.7z,8639785,False,,,,,True
DISCK,2007-06-27,2022-01-01,1,60,7z,/Users/zhiyichen/Desktop/wasserstein-finance/data_by_stocks/_data_dwn_32_302__DISCK_2007-06-27_2022-01-01_1_60.7z,7113663,False,,,,,True
DISH,2007-06-27,2022-01-01,1,60,7z,/Users/zhiyichen/Desktop/wasserstein-finance/data_by_stocks/_data_dwn_32_302__DISH_2007-06-27_2022-01-01_1_60.7z,8370550,False,,,,,True
DIS,2007-06-27,2021-07-01,10,60,7z,/Users/zhiyichen/Desktop/wasserstein-finance/data_by_stocks/_data_dwn_32_302__DIS_2007-06-27_2021-07-01_10_60.7z,56691498,False,,,,,True
DLR,2007-06-27,2021-01-01,1,60,7z,/Users/zhiyichen/Desktop/wasserstein-finance/data_by_stocks/_data_dwn_32_302__DLR_2007-06-27_2021-01-01_1_60.7z,7202812,False,,,,,True
DLTR,2007-06-27,2021-01-01,1,60,7z,/Users/zhiyichen/Desktop/wasserstein-finance/data_by_stocks/_data_dwn_32_302__DLTR_2007-06-27_2021-01-01_1_60.7z,7916892,False,,,,,True
DOV,2007-06-27,2022-01-01,1,60,7z,/Users/zhiyichen/Desktop/wasserstein-finance/data_by_stocks/_data_dwn_32_302__DOV_2007-06-27_2022-01-01_1_60.7z,8297523,False,,,,,True
DOW,2007-06-27,2022-01-01,1,60,7z,/Users/zhiyichen/Desktop/wasserstein-finance/data_by_stocks/_data_dwn_32_302__DOW_2007-06-27_2022-01-01_1_60.7z,8053257,False,,,,,True
DRE,2007-06-27,2022-01-01,1,60,7z,/Users/zhiyichen/Desktop/wasserstein-finance/data_by_stocks/_data_dwn_32_302__DRE_2007-06-27_2022-01-01_1_60.7z,7788023,False,,,,,True
DRI,2007-06-27,2022-01-01,1,60,7z,/Users/zhiyichen/Desktop/wasserstein-finance/data_by_stocks/_data_dwn_32_302__DRI_2007-06-27_2022-01-01_1_60.7z,8211122,False,,,,,True
DTE,2007-06-27,2021-01-01,1,60,7z,/Users/zhiyichen/Desktop/wasserstein-finance/data_by_stocks/_data_dwn_32_302__DTE_2007-06-27_2021-01-01_1_60.7z,7510160,False,,,,,True
DUK,2007-06-27,2021-07-01,10,60,7z,/Users/zhiyichen/Desktop/wasserstein-finance/data_by_stocks/_data_dwn_32_302__DUK_2007-06-27_2021-07-01_10_60.7z,48134266,False,,,,,True
DVA,2007-06-27,2022-01-01,1,60,7z,/Users/zhiyichen/Desktop/wasserstein-finance/data_by_stocks/_data_dwn_32_302__DVA_2007-06-27_2022-01-01_1_60.7z,7986575,False,,,,,True
DVN,2007-06-27,2022-01-01,1,60,7z,/Users/zhiyichen/Desktop/wasserstein-finance/data_by_stocks/_data_dwn_32_302__DVN_2007-06-27_2022-01-01_1_60.7z,8513618,False,,,,,True
DXC,2007-06-27,2022-01-01,1,60,7z,/Users/zhiyichen/Desktop/wasserstein-finance/data_by_stocks/_data_dwn_32_302__DXC_2007-06-27_2022-01-01_1_60.7z,2730259,False,,,,,True
D,2007-06-27,2021-07-01,10,60,7z,/Users/zhiyichen/Desktop/wasserstein-finance/data_by_stocks/_data_dwn_32_302__D_2007-06-27_2021-07-01_10_60.7z,49182951,False,,,,,True
EA,2007-06-27,2022-01-01,1,60,7z,/Users/zhiyichen/Desktop/wasserstein-finance/data_by_stocks/_data_dwn_32_302__EA_2007-06-27_2022-01-01_1_60.7z,6383518,False,,,,,True
EBAY,2007-06-27,2021-01-01,1,60,7z,/Users/zhiyichen/Desktop/wasserstein-finance/data_by_stocks/_data_dwn_32_302__EBAY_2007-06-27_2021-01-01_1_60.7z,9316233,False,,,,,True
ECL,2007-06-27,2022-01-01,1,60,7z,/Users/zhiyichen/Desktop/wasserstein-finance/data_by_stocks/_data_dwn_32_302__ECL_2007-06-27_2022-01-01_1_60.7z,8359002,False,,,,,True
ED,2007-06-27,2021-01-01,1,60,7z,/Users/zhiyichen/Desktop/wasserstein-finance/data_by_stocks/_data_dwn_32_302__ED_2007-06-27_2021-01-01_1_60.7z,7553833,False,,,,,True
EFX,2007-06-27,2022-01-01,1,60,7z,/Users/zhiyichen/Desktop/wasserstein-finance/data_by_stocks/_data_dwn_32_302__EFX_2007-06-27_2022-01-01_1_60.7z,8037109,False,,,,,True
EIX,2007-06-27,2021-01-01,1,60,7z,/Users/zhiyichen/Desktop/wasserstein-finance/data_by_stocks/_data_dwn_32_302__EIX_2007-06-27_2021-01-01_1_60.7z,7542212,False,,,,,True
EL,2007-06-27,2022-01-01,1,60,7z,/Users/zhiyichen/Desktop/wasserstein-finance/data_by_stocks/_data_dwn_32_302__EL_2007-06-27_2022-01-01_1_60.7z,8299940,False,,,,,True
EMN,2007-06-27,2022-01-01,1,60,7z,/Users/zhiyichen/Desktop/wasserstein-finance/data_by_stocks/_data_dwn_32_302__EMN_2007-06-27_2022-01-01_1_60.7z,8204659,False,,,,,True
EMR,2007-06-27,2022-01-01,1,60,7z,/Users/zhiyichen/Desktop/wasserstein-finance/data_by_stocks/_data_dwn_32_302__EMR_2007-06-27_2022-01-01_1_60.7z,8459253,False,,,,,True
EOG,2007-06-27,2022-01-01,1,60,7z,/Users/zhiyichen/Desktop/wasserstein-finance/data_by_stocks/_data_dwn_32_302__EOG_2007-06-27_2022-01-01_1_60.7z,8615626,False,,,,,True
EQIX,2007-06-27,2022-01-01,1,60,7z,/Users/zhiyichen/Desktop/wasserstein-finance/data_by_stocks/_data_dwn_32_302__EQIX_2007-06-27_2022-01-01_1_60.7z,8775540,False,,,,,True
EQR,2007-06-27,2021-01-01,1,60,7z,/Users/zhiyichen/Desktop/wasserstein-finance/data_by_stocks/_data_dwn_32_302__EQR_2007-06-27_2021-01-01_1_60.7z,7695369,False,,,,,True
ESS,2007-06-27,2021-01-01,1,60,7z,/Users/zhiyichen/Desktop/wasserstein-finance/data_by_stocks/_data_dwn_32_302__ESS_2007-06-27_2021-01-01_1_60.7z,7508195,False,,,,,True
ES,2007-06-27,2021-01-01,1,60,7z,/Users/zhiyichen/Desktop/wasserstein-finance/data_by_stocks/_data_dwn_32_302__ES_2007-06-27_2021-01-01_1_60.7z,5428959,False,,,,,True
ETFC,2007-06-27,2022-01-01,1,60,7z,/Users/zhiyichen/Desktop/wasserstein-finance/data_by_stocks/_data_dwn_32_302__ETFC_2007-06-27_2022-01-01_1_60.7z,8072405,False,,,,,True
ETN,2007-06-27,2022-01-01,1,60,7z,/Users/zhiyichen/Desktop/wasserstein-finance/data_by_stocks/_data_dwn_32_302__ETN_2007-06-27_2022-01-01_1_60.7z,8385984,False,,,,,True
ETR,2007-06-27,2021-01-01,1,60,7z,/Users/zhiyichen/Desktop/wasserstein-finance/data_by_stocks/_data_dwn_32_302__ETR_2007-06-27_2021-01-01_1_60.7z,7628975,False,,,,,True
EVRG,2007-06-27,2022-01-01,1,60,7z,/Users/zhiyichen/Desktop/wasserstein-finance/data_by_stocks/_data_dwn_32_302__EVRG_2007-06-27_2022-01-01_1_60.7z,2075566,False,,,,,True
EW,2007-06-27,2022-01-01,1,60,7z,/Users/zhiyichen/Desktop/wasserstein-finance/data_by_stocks/_data_dwn_32_302__EW_2007-06-27_2022-01-01_1_60.7z,7894907,False,,,,,True
EXC,2007-06-27,2022-01-01,1,60,7z,/Users/zhiyichen/Desktop/wasserstein-finance/data_by_stocks/_data_dwn_32_302__EXC_2007-06-27_2022-01-01_1_60.7z,8785732,False,,,,,True
EXPD,2007-06-27,2022-01-01,1,60,7z,/Users/zhiyichen/Desktop/wasserstein-finance/data_by_stocks/_data_dwn_32_302__EXPD_2007-06-27_2022-01-01_1_60.7z,8624397,False,,,,,True
EXPE,2007-06-27,2022-01-01,1,60,7z,/Users/zhiyichen/Desktop/wasserstein-finance/data_by_stocks/_data_dwn_32_302__EXPE_2007-06-27_2022-01-01_1_60.7z,9249433,False,,,,,True
EXR,2007-06-27,2022-01-01,1,60,7z,/Users/zhiyichen/Desktop/wasserstein-finance/data_by_stocks/_data_dwn_32_302__EXR_2007-06-27_2022-01-01_1_60.7z,7386263,False,,,,,True
FANG,2007-06-27,2022-01-01,1,60,7z,/Users/zhiyichen/Desktop/wasserstein-finance/data_by_stocks/_data_dwn_32_302__FANG_2007-06-27_2022-01-01_1_60.7z,5454663,False,,,,,True
FAST,2007-06-27,2021-01-01,1,60,7z,/Users/zhiyichen/Desktop/wasserstein-finance/data_by_stocks/_data_dwn_32_302__FAST_2007-06-27_2021-01-01_1_60.7z,8012318,False,,,,,True
FBHS,2007-06-27,2022-01-01,1,60,7z,/Users/zhiyichen/Desktop/wasserstein-finance/data_by_stocks/_data_dwn_32_302__FBHS_2007-06-27_2022-01-01_1_60.7z,5594263,False,,,,,True
FB,2007-06-27,2021-07-01,10,60,7z,/Users/zhiyichen/Desktop/wasserstein-finance/data_by_stocks/_data_dwn_32_302__FB_2007-06-27_2021-07-01_10_60.7z,42315301,False,,,,,True
FCX,2007-06-27,2021-01-01,1,60,7z,/Users/zhiyichen/Desktop/wasserstein-finance/data_by_stocks/_data_dwn_32_302__FCX_2007-06-27_2021-01-01_1_60.7z,8787395,False,,,,,True
FDX,2007-06-27,2022-01-01,1,60,7z,/Users/zhiyichen/Desktop/wasserstein-finance/data_by_stocks/_data_dwn_32_302__FDX_2007-06-27_2022-01-01_1_60.7z,8800239,False,,,,,True
FE,2007-06-27,2021-01-01,1,60,7z,/Users/zhiyichen/Desktop/wasserstein-finance/data_by_stocks/_data_dwn_32_302__FE_2007-06-27_2021-01-01_1_60.7z,7658414,False,,,,,True
FFIV,2007-06-27,2022-01-01,1,60,7z,/Users/zhiyichen/Desktop/wasserstein-finance/data_by_stocks/_data_dwn_32_302__FFIV_2007-06-27_2022-01-01_1_60.7z,8730732,False,,,,,True
FISV,2007-06-27,2021-07-01,10,60,7z,/Users/zhiyichen/Desktop/wasserstein-finance/data_by_stocks/_data_dwn_32_302__FISV_2007-06-27_2021-07-01_10_60.7z,52417457,False,,,,,True
FIS,2007-06-27,2021-07-01,10,60,7z,/Users/zhiyichen/Desktop/wasserstein-finance/data_by_stocks/_data_dwn_32_302__FIS_2007-06-27_2021-07-01_10_60.7z,46479357,False,,,,,True
FITB,2007-06-27,2021-01-01,1,60,7z,/Users/zhiyichen/Desktop/wasserstein-finance/data_by_stocks/_data_dwn_32_302__FITB_2007-06-27_2021-01-01_1_60.7z,9388675,False,,,,,True
FLIR,2007-06-27,2022-01-01,1,60,7z,/Users/zhiyichen/Desktop/wasserstein-finance/data_by_stocks/_data_dwn_32_302__FLIR_2007-06-27_2022-01-01_1_60.7z,7777491,False,,,,,True
FLS,2007-06-27,2022-01-01,1,60,7z,/Users/zhiyichen/Desktop/wasserstein-finance/data_by_stocks/_data_dwn_32_302__FLS_2007-06-27_2022-01-01_1_60.7z,8093207,False,,,,,True
FLT,2007-06-27,2021-01-01,1,60,7z,/Users/zhiyichen/Desktop/wasserstein-finance/data_by_stocks/_data_dwn_32_302__FLT_2007-06-27_2021-01-01_1_60.7z,5394346,False,,,,,True
FMC,2007-06-27,2022-01-01,1,60,7z,/Users/zhiyichen/Desktop/wasserstein-finance/data_by_stocks/_data_dwn_32_302__FMC_2007-06-27_2022-01-01_1_60.7z,8045309,False,,,,,True
FOXA,2007-06-27,2022-01-01,1,60,7z,/Users/zhiyichen/Desktop/wasserstein-finance/data_by_stocks/_data_dwn_32_302__FOXA_2007-06-27_2022-01-01_1_60.7z,5560893,False,,,,,True
FOX,2007-06-27,2022-01-01,1,60,7z,/Users/zhiyichen/Desktop/wasserstein-finance/data_by_stocks/_data_dwn_32_302__FOX_2007-06-27_2022-01-01_1_60.7z,5071596,False,,,,,True
FRC,2007-06-27,2021-01-01,1,60,7z,/Users/zhiyichen/Desktop/wasserstein-finance/data_by_stocks/_data_dwn_32_302__FRC_2007-06-27_2021-01-01_1_60.7z,5438832,False,,,,,True
FRT,2007-06-27,2022-01-01,1,60,7z,/Users/zhiyichen/Desktop/wasserstein-finance/data_by_stocks/_data_dwn_32_302__FRT_2007-06-27_2022-01-01_1_60.7z,7943096,False,,,,,True
FTI,2007-06-27,2022-01-01,1,60,7z,/Users/zhiyichen/Desktop/wasserstein-finance/data_by_stocks/_data_dwn_32_302__FTI_2007-06-27_2022-01-01_1_60.7z,8229253,False,,,,,True
FTNT,2007-06-27,2022-01-01,1,60,7z,/Users/zhiyichen/Desktop/wasserstein-finance/data_by_stocks/_data_dwn_32_302__FTNT_2007-06-27_2022-01-01_1_60.7z,6774320,False,,,,,True
FTV,2007-06-27,2021-01-01,1,60,7z,/Users/zhiyichen/Desktop/wasserstein-finance/data_by_stocks/_data_dwn_32_302__FTV_2007-06-27_2021-01-01_1_60.7z,2525977,False,,,,,True
F,2007-06-27,2022-01-01,1,60,7z,/Users/zhiyichen/Desktop/wasserstein-finance/data_by_stocks/_data_dwn_32_302__F_2007-06-27_2022-01-01_1_60.7z,10497589,False,,,,,True
GD,2007-06-27,2022-01-01,1,60,7z,/Users/zhiyichen/Desktop/wasserstein-finance/data_by_stocks/_data_dwn_32_302__GD_2007-06-27_2022-01-01_1_60.7z,8582473,False,,,,,True
GE,2007-06-27,2021-07-01,10,60,7z,/Users/zhiyichen/Desktop/wasserstein-finance/data_by_stocks/_data_dwn_32_302__GE_2007-06-27_2021-07-01_10_60.7z,55084457,False,,,,,True
GILD,2007-06-27,2021-07-01,10,60,7z,/Users/zhiyichen/Desktop/wasserstein-finance/data_by_stocks/_data_dwn_32_302__GILD_2007-06-27_2021-07-01_10_60.7z,59205908,False,,,,,True
GIS,2007-06-27,2022-01-01,1,60,7z,/Users/zhiyichen/Desktop/wasserstein-finance/data_by_stocks/_data_dwn_32_302__GIS_2007-06-27_2022-01-01_1_60.7z,8331466,False,,,,,True
GLW,2007-06-27,2021-01-01,1,60,7z,/Users/zhiyichen/Desktop/wasserstein-finance/data_by_stocks/_data_dwn_32_302__GLW_2007-06-27_2021-01-01_1_60.7z,8699671,False,,,,,True
GL,2007-06-27,2022-01-01,1,60,7z,/Users/zhiyichen/Desktop/wasserstein-finance/data_by_stocks/_data_dwn_32_302__GL_2007-06-27_2022-01-01_1_60.7z,1443590,False,,,,,True
GM,2007-06-27,2022-01-01,1,60,7z,/Users/zhiyichen/Desktop/wasserstein-finance/data_by_stocks/_data_dwn_32_302__GM_2007-06-27_2022-01-01_1_60.7z,8275633,False,,,,,True
GOOGL,2007-06-27,2021-07-01,10,60,7z,/Users/zhiyichen/Desktop/wasserstein-finance/data_by_stocks/_data_dwn_32_302__GOOGL_2007-06-27_2021-07-01_10_60.7z,33421734,False,,,,,True
GOOG,2007-06-27,2021-07-01,10,60,7z,/Users/zhiyichen/Desktop/wasserstein-finance/data_by_stocks/_data_dwn_32_302__GOOG_2007-06-27_2021-07-01_10_60.7z,61308687,False,,,,,True
GPC,2007-06-27,2022-01-01,1,60,7z,/Users/zhiyichen/Desktop/wasserstein-finance/data_by_stocks/_data_dwn_32_302__GPC_2007-06-27_2022-01-01_1_60.7z,7986036,False,,,,,True
GPN,2007-06-27,2022-01-01,1,60,7z,/Users/zhiyichen/Desktop/wasserstein-finance/data_by_stocks/_data_dwn_32_302__GPN_2007-06-27_2022-01-01_1_60.7z,7706967,False,,,,,True
GPS,2007-06-27,2022-01-01,1,60,7z,/Users/zhiyichen/Desktop/wasserstein-finance/data_by_stocks/_data_dwn_32_302__GPS_2007-06-27_2022-01-01_1_60.7z,9054885,False,,,,,True
GRMN,2007-06-27,2022-01-01,1,60,7z,/Users/zhiyichen/Desktop/wasserstein-finance/data_by_stocks/_data_dwn_32_302__GRMN_2007-06-27_2022-01-01_1_60.7z,8393463,False,,,,,True
GS,2007-06-27,2022-01-01,1,60,7z,/Users/zhiyichen/Desktop/wasserstein-finance/data_by_stocks/_data_dwn_32_302__GS_2007-06-27_2022-01-01_1_60.7z,9149790,False,,,,,True
GWW,2007-06-27,2022-01-01,1,60,7z,/Users/zhiyichen/Desktop/wasserstein-finance/data_by_stocks/_data_dwn_32_302__GWW_2007-06-27_2022-01-01_1_60.7z,8686421,False,,,,,True
HAL,2007-06-27,2021-01-01,1,60,7z,/Users/zhiyichen/Desktop/wasserstein-finance/data_by_stocks/_data_dwn_32_302__HAL_2007-06-27_2021-01-01_1_60.7z,8752512,False,,,,,True
HAS,2007-06-27,2022-01-01,1,60,7z,/Users/zhiyichen/Desktop/wasserstein-finance/data_by_stocks/_data_dwn_32_302__HAS_2007-06-27_2022-01-01_1_60.7z,8299064,False,,,,,True
HBAN,2007-06-27,2022-01-01,1,60,7z,/Users/zhiyichen/Desktop/wasserstein-finance/data_by_stocks/_data_dwn_32_302__HBAN_2007-06-27_2022-01-01_1_60.7z,9943363,False,,,,,True
HBI,2007-06-27,2022-01-01,1,60,7z,/Users/zhiyichen/Desktop/wasserstein-finance/data_by_stocks/_data_dwn_32_302__HBI_2007-06-27_2022-01-01_1_60.7z,7703478,False,,,,,True
HCA,2007-06-27,2022-01-01,1,60,7z,/Users/zhiyichen/Desktop/wasserstein-finance/data_by_stocks/_data_dwn_32_302__HCA_2007-06-27_2022-01-01_1_60.7z,6063936,False,,,,,True
HD,2007-06-27,2021-07-01,10,60,7z,/Users/zhiyichen/Desktop/wasserstein-finance/data_by_stocks/_data_dwn_32_302__HD_2007-06-27_2021-07-01_10_60.7z,57844226,False,,,,,True
HES,2007-06-27,2022-01-01,1,60,7z,/Users/zhiyichen/Desktop/wasserstein-finance/data_by_stocks/_data_dwn_32_302__HES_2007-06-27_2022-01-01_1_60.7z,8424724,False,,,,,True
HFC,2007-06-27,2022-01-01,1,60,7z,/Users/zhiyichen/Desktop/wasserstein-finance/data_by_stocks/_data_dwn_32_302__HFC_2007-06-27_2022-01-01_1_60.7z,5889232,False,,,,,True
HIG,2007-06-27,2021-01-01,1,60,7z,/Users/zhiyichen/Desktop/wasserstein-finance/data_by_stocks/_data_dwn_32_302__HIG_2007-06-27_2021-01-01_1_60.7z,8072585,False,,,,,True
HII,2007-06-27,2022-01-01,1,60,7z,/Users/zhiyichen/Desktop/wasserstein-finance/data_by_stocks/_data_dwn_32_302__HII_2007-06-27_2022-01-01_1_60.7z,5697482,False,,,,,True
HLT,2007-06-27,2022-01-01,1,60,7z,/Users/zhiyichen/Desktop/wasserstein-finance/data_by_stocks/_data_dwn_32_302__HLT_2007-06-27_2022-01-01_1_60.7z,4762558,False,,,,,True
HOG,2007-06-27,2022-01-01,1,60,7z,/Users/zhiyichen/Desktop/wasserstein-finance/data_by_stocks/_data_dwn_32_302__HOG_2007-06-27_2022-01-01_1_60.7z,8086725,False,,,,,True
HOLX,2007-06-27,2022-01-01,1,60,7z,/Users/zhiyichen/Desktop/wasserstein-finance/data_by_stocks/_data_dwn_32_302__HOLX_2007-06-27_2022-01-01_1_60.7z,8359118,False,,,,,True
HON,2007-06-27,2021-07-01,10,60,7z,/Users/zhiyichen/Desktop/wasserstein-finance/data_by_stocks/_data_dwn_32_302__HON_2007-06-27_2021-07-01_10_60.7z,54148583,False,,,,,True
HPE,2007-06-27,2021-01-01,1,60,7z,/Users/zhiyichen/Desktop/wasserstein-finance/data_by_stocks/_data_dwn_32_302__HPE_2007-06-27_2021-01-01_1_60.7z,3118550,False,,,,,True
HPQ,2007-06-27,2022-01-01,1,60,7z,/Users/zhiyichen/Desktop/wasserstein-finance/data_by_stocks/_data_dwn_32_302__HPQ_2007-06-27_2022-01-01_1_60.7z,9622194,False,,,,,True
HP,2007-06-27,2022-01-01,1,60,7z,/Users/zhiyichen/Desktop/wasserstein-finance/data_by_stocks/_data_dwn_32_302__HP_2007-06-27_2022-01-01_1_60.7z,8253995,False,,,,,True
HRB,2007-06-27,2022-01-01,1,60,7z,/Users/zhiyichen/Desktop/wasserstein-finance/data_by_stocks/_data_dwn_32_302__HRB_2007-06-27_2022-01-01_1_60.7z,8136886,False,,,,,True
HRL,2007-06-27,2022-01-01,1,60,7z,/Users/zhiyichen/Desktop/wasserstein-finance/data_by_stocks/_data_dwn_32_302__HRL_2007-06-27_2022-01-01_1_60.7z,7622305,False,,,,,True
HSIC,2007-06-27,2022-01-01,1,60,7z,/Users/zhiyichen/Desktop/wasserstein-finance/data_by_stocks/_data_dwn_32_302__HSIC_2007-06-27_2022-01-01_1_60.7z,8226872,False,,,,,True
HST,2007-06-27,2022-01-01,1,60,7z,/Users/zhiyichen/Desktop/wasserstein-finance/data_by_stocks/_data_dwn_32_302__HST_2007-06-27_2022-01-01_1_60.7z,9373217,False,,,,,True
HSY,2007-06-27,2021-01-01,1,60,7z,/Users/zhiyichen/Desktop/wasserstein-finance/data_by_stocks/_data_dwn_32_302__HSY_2007-06-27_2021-01-01_1_60.7z,7466621,False,,,,,True
HUM,2007-06-27,2022-01-01,1,60,7z,/Users/zhiyichen/Desktop/wasserstein-finance/data_by_stocks/_data_dwn_32_302__HUM_2007-06-27_2022-01-01_1_60.7z,8434622,False,,,,,True
IBM,2007-06-27,2021-07-01,10,60,7z,/Users/zhiyichen/Desktop/wasserstein-finance/data_by_stocks/_data_dwn_32_302__IBM_2007-06-27_2021-07-01_10_60.7z,53425190,False,,,,,True
ICE,2007-06-27,2022-01-01,1,60,7z,/Users/zhiyichen/Desktop/wasserstein-finance/data_by_stocks/_data_dwn_32_302__ICE_2007-06-27_2022-01-01_1_60.7z,8713915,False,,,,,True
IDXX,2007-06-27,2021-01-01,1,60,7z,/Users/zhiyichen/Desktop/wasserstein-finance/data_by_stocks/_data_dwn_32_302__IDXX_2007-06-27_2021-01-01_1_60.7z,7307867,False,,,,,True
IEX,2007-06-27,2022-01-01,1,60,7z,/Users/zhiyichen/Desktop/wasserstein-finance/data_by_stocks/_data_dwn_32_302__IEX_2007-06-27_2022-01-01_1_60.7z,7359674,False,,,,,True
IFF,2007-06-27,2022-01-01,1,60,7z,/Users/zhiyichen/Desktop/wasserstein-finance/data_by_stocks/_data_dwn_32_302__IFF_2007-06-27_2022-01-01_1_60.7z,8120555,False,,,,,True
ILMN,2007-06-27,2022-01-01,1,60,7z,/Users/zhiyichen/Desktop/wasserstein-finance/data_by_stocks/_data_dwn_32_302__ILMN_2007-06-27_2022-01-01_1_60.7z,8791717,False,,,,,True
INCY,2007-06-27,2022-01-01,1,60,7z,/Users/zhiyichen/Desktop/wasserstein-finance/data_by_stocks/_data_dwn_32_302__INCY_2007-06-27_2022-01-01_1_60.7z,8165923,False,,,,,True
INFO,2007-06-27,2022-01-01,1,60,7z,/Users/zhiyichen/Desktop/wasserstein-finance/data_by_stocks/_data_dwn_32_302__INFO_2007-06-27_2022-01-01_1_60.7z,3323477,False,,,,,True
INTC,2007-06-27,2021-07-01,10,60,7z,/Users/zhiyichen/Desktop/wasserstein-finance/data_by_stocks/_data_dwn_32_302__INTC_2007-06-27_2021-07-01_10_60.7z,64040483,False,,,,,True
INTU,2007-06-27,2021-07-01,10,60,7z,/Users/zhiyichen/Desktop/wasserstein-finance/data_by_stocks/_data_dwn_32_302__INTU_2007-06-27_2021-07-01_10_60.7z,56012639,False,,,,,True
IPGP,2007-06-27,2022-01-01,1,60,7z,/Users/zhiyichen/Desktop/wasserstein-finance/data_by_stocks/_data_dwn_32_302__IPGP_2007-06-27_2022-01-01_1_60.7z,7420471,False,,,,,True
IPG,2007-06-27,2022-01-01,1,60,7z,/Users/zhiyichen/Desktop/wasserstein-finance/data_by_stocks/_data_dwn_32_302__IPG_2007-06-27_2022-01-01_1_60.7z,8596049,False,,,,,True
IP,2007-06-27,2021-01-01,1,60,7z,/Users/zhiyichen/Desktop/wasserstein-finance/data_by_stocks/_data_dwn_32_302__IP_2007-06-27_2021-01-01_1_60.7z,7911701,False,,,,,True
IQV,2007-06-27,2021-01-01,1,60,7z,/Users/zhiyichen/Desktop/wasserstein-finance/data_by_stocks/_data_dwn_32_302__IQV_2007-06-27_2021-01-01_1_60.7z,1968116,False,,,,,True
IRM,2007-06-27,2022-01-01,1,60,7z,/Users/zhiyichen/Desktop/wasserstein-finance/data_by_stocks/_data_dwn_32_302__IRM_2007-06-27_2022-01-01_1_60.7z,7749674,False,,,,,True
IR,2007-06-27,2022-01-01,1,60,7z,/Users/zhiyichen/Desktop/wasserstein-finance/data_by_stocks/_data_dwn_32_302__IR_2007-06-27_2022-01-01_1_60.7z,8271417,False,,,,,True
ISRG,2007-06-27,2021-07-01,10,60,7z,/Users/zhiyichen/Desktop/wasserstein-finance/data_by_stocks/_data_dwn_32_302__ISRG_2007-06-27_2021-07-01_10_60.7z,52350082,False,,,,,True
ITW,2007-06-27,2022-01-01,1,60,7z,/Users/zhiyichen/Desktop/wasserstein-finance/data_by_stocks/_data_dwn_32_302__ITW_2007-06-27_2022-01-01_1_60.7z,8520840,False,,,,,True
IT,2007-06-27,2022-01-01,1,60,7z,/Users/zhiyichen/Desktop/wasserstein-finance/data_by_stocks/_data_dwn_32_302__IT_2007-06-27_2022-01-01_1_60.7z,7335670,False,,,,,True
IVZ,2007-06-27,2022-01-01,1,60,7z,/Users/zhiyichen/Desktop/wasserstein-finance/data_by_stocks/_data_dwn_32_302__IVZ_2007-06-27_2022-01-01_1_60.7z,8545104,False,,,,,True
IYR,2007-06-27,2022-01-01,10,60,7z,/Users/zhiyichen/Desktop/wasserstein-finance/data_by_stocks/_data_dwn_32_302__IYR_2007-06-27_2022-01-01_10_60.7z,55441845,False,,,,,True
JBHT,2007-06-27,2022-01-01,1,60,7z,/Users/zhiyichen/Desktop/wasserstein-finance/data_by_stocks/_data_dwn_32_302__JBHT_2007-06-27_2022-01-01_1_60.7z,8286078,False,,,,,True
JCI,2007-06-27,2022-01-01,1,60,7z,/Users/zhiyichen/Desktop/wasserstein-finance/data_by_stocks/_data_dwn_32_302__JCI_2007-06-27_2022-01-01_1_60.7z,8546963,False,,,,,True
JKHY,2007-06-27,2022-01-01,1,60,7z,/Users/zhiyichen/Desktop/wasserstein-finance/data_by_stocks/_data_dwn_32_302__JKHY_2007-06-27_2022-01-01_1_60.7z,7622735,False,,,,,True
JNJ,2007-06-27,2021-07-01,10,60,7z,/Users/zhiyichen/Desktop/wasserstein-finance/data_by_stocks/_data_dwn_32_302__JNJ_2007-06-27_2021-07-01_10_60.7z,54849177,False,,,,,True
JNPR,2007-06-27,2022-01-01,1,60,7z,/Users/zhiyichen/Desktop/wasserstein-finance/data_by_stocks/_data_dwn_32_302__JNPR_2007-06-27_2022-01-01_1_60.7z,8965536,False,,,,,True
JPM,2007-06-27,2021-07-01,10,60,7z,/Users/zhiyichen/Desktop/wasserstein-finance/data_by_stocks/_data_dwn_32_302__JPM_2007-06-27_2021-07-01_10_60.7z,61762738,False,,,,,True
JWN,2007-06-27,2022-01-01,1,60,7z,/Users/zhiyichen/Desktop/wasserstein-finance/data_by_stocks/_data_dwn_32_302__JWN_2007-06-27_2022-01-01_1_60.7z,8254229,False,,,,,True
J,2007-06-27,2022-01-01,1,60,7z,/Users/zhiyichen/Desktop/wasserstein-finance/data_by_stocks/_data_dwn_32_302__J_2007-06-27_2022-01-01_1_60.7z,1276719,False,,,,,True
KEYS,2007-06-27,2021-01-01,1,60,7z,/Users/zhiyichen/Desktop/wasserstein-finance/data_by_stocks/_data_dwn_32_302__KEYS_2007-06-27_2021-01-01_1_60.7z,3343014,False,,,,,True
KEY,2007-06-27,2021-01-01,1,60,7z,/Users/zhiyichen/Desktop/wasserstein-finance/data_by_stocks/_data_dwn_32_302__KEY_2007-06-27_2021-01-01_1_60.7z,9051107,False,,,,,True
KHC,2007-06-27,2021-01-01,1,60,7z,/Users/zhiyichen/Desktop/wasserstein-finance/data_by_stocks/_data_dwn_32_302__KHC_2007-06-27_2021-01-01_1_60.7z,3343118,False,,,,,True
KIM,2007-06-27,2022-01-01,1,60,7z,/Users/zhiyichen/Desktop/wasserstein-finance/data_by_stocks/_data_dwn_32_302__KIM_2007-06-27_2022-01-01_1_60.7z,8796526,False,,,,,True
KLAC,2007-06-27,2021-01-01,1,60,7z,/Users/zhiyichen/Desktop/wasserstein-finance/data_by_stocks/_data_dwn_32_302__KLAC_2007-06-27_2021-01-01_1_60.7z,8270636,False,,,,,True
KMB,2007-06-27,2022-01-01,1,60,7z,/Users/zhiyichen/Desktop/wasserstein-finance/data_by_stocks/_data_dwn_32_302__KMB_2007-06-27_2022-01-01_1_60.7z,8364367,False,,,,,True
KMI,2007-06-27,2022-01-01,1,60,7z,/Users/zhiyichen/Desktop/wasserstein-finance/data_by_stocks/_data_dwn_32_302__KMI_2007-06-27_2022-01-01_1_60.7z,6807556,False,,,,,True
KMX,2007-06-27,2022-01-01,1,60,7z,/Users/zhiyichen/Desktop/wasserstein-finance/data_by_stocks/_data_dwn_32_302__KMX_2007-06-27_2022-01-01_1_60.7z,8222013,False,,,,,True
KO,2007-06-27,2021-07-01,10,60,7z,/Users/zhiyichen/Desktop/wasserstein-finance/data_by_stocks/_data_dwn_32_302__KO_2007-06-27_2021-07-01_10_60.7z,53224714,False,,,,,True
KR,2007-06-27,2021-01-01,1,60,7z,/Users/zhiyichen/Desktop/wasserstein-finance/data_by_stocks/_data_dwn_32_302__KR_2007-06-27_2021-01-01_1_60.7z,8350330,False,,,,,True
KSS,2007-06-27,2022-01-01,1,60,7z,/Users/zhiyichen/Desktop/wasserstein-finance/data_by_stocks/_data_dwn_32_302__KSS_2007-06-27_2022-01-01_1_60.7z,8315718,False,,,,,True
KSU,2007-06-27,2022-01-01,1,60,7z,/Users/zhiyichen/Desktop/wasserstein-finance/data_by_stocks/_data_dwn_32_302__KSU_2007-06-27_2022-01-01_1_60.7z,8025456,False,,,,,True
K,2007-06-27,2022-01-01,1,60,7z,/Users/zhiyichen/Desktop/wasserstein-finance/data_by_stocks/_data_dwn_32_302__K_2007-06-27_2022-01-01_1_60.7z,8021591,False,,,,,True
LB,2007-06-27,2022-01-01,1,60,7z,/Users/zhiyichen/Desktop/wasserstein-finance/data_by_stocks/_data_dwn_32_302__LB_2007-06-27_2022-01-01_1_60.7z,5399335,False,,,,,True
LDOS,2007-06-27,2022-01-01,1,60,7z,/Users/zhiyichen/Desktop/wasserstein-finance/data_by_stocks/_data_dwn_32_302__LDOS_2007-06-27_2022-01-01_1_60.7z,4409846,False,,,,,True
LEG,2007-06-27,2022-01-01,1,60,7z,/Users/zhiyichen/Desktop/wasserstein-finance/data_by_stocks/_data_dwn_32_302__LEG_2007-06-27_2022-01-01_1_60.7z,8008613,False,,,,,True
LEN,2007-06-27,2022-01-01,1,60,7z,/Users/zhiyichen/Desktop/wasserstein-finance/data_by_stocks/_data_dwn_32_302__LEN_2007-06-27_2022-01-01_1_60.7z,8806872,False,,,,,True
LHX,2007-06-27,2022-01-01,1,60,7z,/Users/zhiyichen/Desktop/wasserstein-finance/data_by_stocks/_data_dwn_32_302__LHX_2007-06-27_2022-01-01_1_60.7z,1652239,False,,,,,True
LH,2007-06-27,2022-01-01,1,60,7z,/Users/zhiyichen/Desktop/wasserstein-finance/data_by_stocks/_data_dwn_32_302__LH_2007-06-27_2022-01-01_1_60.7z,8062594,False,,,,,True
LIN,2007-06-27,2021-07-01,10,60,7z,/Users/zhiyichen/Desktop/wasserstein-finance/data_by_stocks/_data_dwn_32_302__LIN_2007-06-27_2021-07-01_10_60.7z,12509320,False,,,,,True
LKQ,2007-06-27,2022-01-01,1,60,7z,/Users/zhiyichen/Desktop/wasserstein-finance/data_by_stocks/_data_dwn_32_302__LKQ_2007-06-27_2022-01-01_1_60.7z,5433350,False,,,,,True
LLY,2007-06-27,2021-07-01,10,60,7z,/Users/zhiyichen/Desktop/wasserstein-finance/data_by_stocks/_data_dwn_32_302__LLY_2007-06-27_2021-07-01_10_60.7z,51506770,False,,,,,True
LMT,2007-06-27,2021-07-01,10,60,7z,/Users/zhiyichen/Desktop/wasserstein-finance/data_by_stocks/_data_dwn_32_302__LMT_2007-06-27_2021-07-01_10_60.7z,51682985,False,,,,,True
LNC,2007-06-27,2022-01-01,1,60,7z,/Users/zhiyichen/Desktop/wasserstein-finance/data_by_stocks/_data_dwn_32_302__LNC_2007-06-27_2022-01-01_1_60.7z,8555201,False,,,,,True
LNT,2007-06-27,2022-01-01,1,60,7z,/Users/zhiyichen/Desktop/wasserstein-finance/data_by_stocks/_data_dwn_32_302__LNT_2007-06-27_2022-01-01_1_60.7z,7425713,False,,,,,True
LOW,2007-06-27,2021-07-01,10,60,7z,/Users/zhiyichen/Desktop/wasserstein-finance/data_by_stocks/_data_dwn_32_302__LOW_2007-06-27_2021-07-01_10_60.7z,54632736,False,,,,,True
LRCX,2007-06-27,2022-01-01,1,60,7z,/Users/zhiyichen/Desktop/wasserstein-finance/data_by_stocks/_data_dwn_32_302__LRCX_2007-06-27_2022-01-01_1_60.7z,9033240,False,,,,,True
LUV,2007-06-27,2021-01-01,1,60,7z,/Users/zhiyichen/Desktop/wasserstein-finance/data_by_stocks/_data_dwn_32_302__LUV_2007-06-27_2021-01-01_1_60.7z,8342541,False,,,,,True
LVS,2007-06-27,2021-01-01,1,60,7z,/Users/zhiyichen/Desktop/wasserstein-finance/data_by_stocks/_data_dwn_32_302__LVS_2007-06-27_2021-01-01_1_60.7z,7797795,False,,,,,True
LW,2007-06-27,2022-01-01,1,60,7z,/Users/zhiyichen/Desktop/wasserstein-finance/data_by_stocks/_data_dwn_32_302__LW_2007-06-27_2022-01-01_1_60.7z,2879248,False,,,,,True
LYB,2007-06-27,2021-01-01,1,60,7z,/Users/zhiyichen/Desktop/wasserstein-finance/data_by_stocks/_data_dwn_32_302__LYB_2007-06-27_2021-01-01_1_60.7z,5763078,False,,,,,True
L,2007-06-27,2022-01-01,1,60,7z,/Users/zhiyichen/Desktop/wasserstein-finance/data_by_stocks/_data_dwn_32_302__L_2007-06-27_2022-01-01_1_60.7z,7323181,False,,,,,True
MAA,2007-06-27,2022-01-01,1,60,7z,/Users/zhiyichen/Desktop/wasserstein-finance/data_by_stocks/_data_dwn_32_302__MAA_2007-06-27_2022-01-01_1_60.7z,7635380,False,,,,,True
MAC,2007-06-27,2022-01-01,1,60,7z,/Users/zhiyichen/Desktop/wasserstein-finance/data_by_stocks/_data_dwn_32_302__MAC_2007-06-27_2022-01-01_1_60.7z,7807239,False,,,,,True
MAR,2007-06-27,2022-01-01,1,60,7z,/Users/zhiyichen/Desktop/wasserstein-finance/data_by_stocks/_data_dwn_32_302__MAR_2007-06-27_2022-01-01_1_60.7z,8646837,False,,,,,True
MAS,2007-06-27,2022-01-01,1,60,7z,/Users/zhiyichen/Desktop/wasserstein-finance/data_by_stocks/_data_dwn_32_302__MAS_2007-06-27_2022-01-01_1_60.7z,8741241,False,,,,,True
MA,2007-06-27,2021-07-01,10,60,7z,/Users/zhiyichen/Desktop/wasserstein-finance/data_by_stocks/_data_dwn_32_302__MA_2007-06-27_2021-07-01_10_60.7z,53205405,False,,,,,True
MCD,2007-06-27,2021-07-01,10,60,7z,/Users/zhiyichen/Desktop/wasserstein-finance/data_by_stocks/_data_dwn_32_302__MCD_2007-06-27_2021-07-01_10_60.7z,55041978,False,,,,,True
MCHP,2007-06-27,2021-01-01,1,60,7z,/Users/zhiyichen/Desktop/wasserstein-finance/data_by_stocks/_data_dwn_32_302__MCHP_2007-06-27_2021-01-01_1_60.7z,8332495,False,,,,,True
MCK,2007-06-27,2021-01-01,1,60,7z,/Users/zhiyichen/Desktop/wasserstein-finance/data_by_stocks/_data_dwn_32_302__MCK_2007-06-27_2021-01-01_1_60.7z,7892306,False,,,,,True
MCO,2007-06-27,2022-01-01,1,60,7z,/Users/zhiyichen/Desktop/wasserstein-finance/data_by_stocks/_data_dwn_32_302__MCO_2007-06-27_2022-01-01_1_60.7z,7036155,False,,,,,True
MDLZ,2007-06-27,2021-07-01,10,60,7z,/Users/zhiyichen/Desktop/wasserstein-finance/data_by_stocks/_data_dwn_32_302__MDLZ_2007-06-27_2021-07-01_10_60.7z,31935206,False,,,,,True
MDT,2007-06-27,2021-07-01,10,60,7z,/Users/zhiyichen/Desktop/wasserstein-finance/data_by_stocks/_data_dwn_32_302__MDT_2007-06-27_2021-07-01_10_60.7z,51116989,False,,,,,True
MET,2007-06-27,2022-01-01,1,60,7z,/Users/zhiyichen/Desktop/wasserstein-finance/data_by_stocks/_data_dwn_32_302__MET_2007-06-27_2022-01-01_1_60.7z,8822542,False,,,,,True
MGM,2007-06-27,2022-01-01,1,60,7z,/Users/zhiyichen/Desktop/wasserstein-finance/data_by_stocks/_data_dwn_32_302__MGM_2007-06-27_2022-01-01_1_60.7z,8805905,False,,,,,True
MHK,2007-06-27,2022-01-01,1,60,7z,/Users/zhiyichen/Desktop/wasserstein-finance/data_by_stocks/_data_dwn_32_302__MHK_2007-06-27_2022-01-01_1_60.7z,8154565,False,,,,,True
MKC,2007-06-27,2021-01-01,1,60,7z,/Users/zhiyichen/Desktop/wasserstein-finance/data_by_stocks/_data_dwn_32_302__MKC_2007-06-27_2021-01-01_1_60.7z,7367438,False,,,,,True
MKTX,2007-06-27,2022-01-01,1,60,7z,/Users/zhiyichen/Desktop/wasserstein-finance/data_by_stocks/_data_dwn_32_302__MKTX_2007-06-27_2022-01-01_1_60.7z,7219848,False,,,,,True
MLM,2007-06-27,2022-01-01,1,60,7z,/Users/zhiyichen/Desktop/wasserstein-finance/data_by_stocks/_data_dwn_32_302__MLM_2007-06-27_2022-01-01_1_60.7z,8155470,False,,,,,True
MMC,2007-06-27,2021-07-01,10,60,7z,/Users/zhiyichen/Desktop/wasserstein-finance/data_by_stocks/_data_dwn_32_302__MMC_2007-06-27_2021-07-01_10_60.7z,47580372,False,,,,,True
MMM,2007-06-27,2021-07-01,10,60,7z,/Users/zhiyichen/Desktop/wasserstein-finance/data_by_stocks/_data_dwn_32_302__MMM_2007-06-27_2021-07-01_10_60.7z,53831724,False,,,,,True
MNST,2007-06-27,2021-01-01,1,60,7z,/Users/zhiyichen/Desktop/wasserstein-finance/data_by_stocks/_data_dwn_32_302__MNST_2007-06-27_2021-01-01_1_60.7z,6127294,False,,,,,True
MOS,2007-06-27,2022-01-01,1,60,7z,/Users/zhiyichen/Desktop/wasserstein-finance/data_by_stocks/_data_dwn_32_302__MOS_2007-06-27_2022-01-01_1_60.7z,8344749,False,,,,,True
MO,2007-06-27,2021-07-01,10,60,7z,/Users/zhiyichen/Desktop/wasserstein-finance/data_by_stocks/_data_dwn_32_302__MO_2007-06-27_2021-07-01_10_60.7z,50309916,False,,,,,True
MPC,2007-06-27,2022-01-01,1,60,7z,/Users/zhiyichen/Desktop/wasserstein-finance/data_by_stocks/_data_dwn_32_302__MPC_2007-06-27_2022-01-01_1_60.7z,6176166,False,,,,,True
MRK,2007-06-27,2021-07-01,10,60,7z,/Users/zhiyichen/Desktop/wasserstein-finance/data_by_stocks/_data_dwn_32_302__MRK_2007-06-27_2021-07-01_10_60.7z,55885086,False,,,,,True
MRO,2007-06-27,2022-01-01,1,60,7z,/Users/zhiyichen/Desktop/wasserstein-finance/data_by_stocks/_data_dwn_32_302__MRO_2007-06-27_2022-01-01_1_60.7z,9265400,False,,,,,True
MSCI,2007-06-27,2021-01-01,1,60,7z,/Users/zhiyichen/Desktop/wasserstein-finance/data_by_stocks/_data_dwn_32_302__MSCI_2007-06-27_2021-01-01_1_60.7z,5462612,False,,,,,True
MSFT,2007-06-27,2021-07-01,10,60,7z,/Users/zhiyichen/Desktop/wasserstein-finance/data_by_stocks/_data_dwn_32_302__MSFT_2007-06-27_2021-07-01_10_60.7z,66669772,False,,,,,True
MSI,2007-06-27,2021-01-01,1,60,7z,/Users/zhiyichen/Desktop/wasserstein-finance/data_by_stocks/_data_dwn_32_302__MSI_2007-06-27_2021-01-01_1_60.7z,5828188,False,,,,,True
MS,2007-06-27,2021-07-01,10,60,7z,/Users/zhiyichen/Desktop/wasserstein-finance/data_by_stocks/_data_dwn_32_302__MS_2007-06-27_2021-07-01_10_60.7z,55065166,False,,,,,True
MTB,2007-06-27,2021-01-01,1,60,7z,/Users/zhiyichen/Desktop/wasserstein-finance/data_by_stocks/_data_dwn_32_302__MTB_2007-06-27_2021-01-01_1_60.7z,8002852,False,,,,,True
MTD,2007-06-27,2021-01-01,1,60,7z,/Users/zhiyichen/Desktop/wasserstein-finance/data_by_stocks/_data_dwn_32_302__MTD_2007-06-27_2021-01-01_1_60.7z,6992437,False,,,,,True
MU,2007-06-27,2021-07-01,10,60,7z,/Users/zhiyichen/Desktop/wasserstein-finance/data_by_stocks/_data_dwn_32_302__MU_2007-06-27_2021-07-01_10_60.7z,55738730,False,,,,,True
MXIM,2007-06-27,2022-01-01,1,60,7z,/Users/zhiyichen/Desktop/wasserstein-finance/data_by_stocks/_data_dwn_32_302__MXIM_2007-06-27_2022-01-01_1_60.7z,7896590,False,,,,,True
MYL,2007-06-27,2022-01-01,1,60,7z,/Users/zhiyichen/Desktop/wasserstein-finance/data_by_stocks/_data_dwn_32_302__MYL_2007-06-27_2022-01-01_1_60.7z,8287885,False,,,,,True
M,2007-06-27,2022-01-01,1,60,7z,/Users/zhiyichen/Desktop/wasserstein-finance/data_by_stocks/_data_dwn_32_302__M_2007-06-27_2022-01-01_1_60.7z,9099240,False,,,,,True
NBL,2007-06-27,2022-01-01,1,60,7z,/Users/zhiyichen/Desktop/wasserstein-finance/data_by_stocks/_data_dwn_32_302__NBL_2007-06-27_2022-01-01_1_60.7z,7670372,False,,,,,True
NCLH,2007-06-27,2022-01-01,1,60,7z,/Users/zhiyichen/Desktop/wasserstein-finance/data_by_stocks/_data_dwn_32_302__NCLH_2007-06-27_2022-01-01_1_60.7z,4926105,False,,,,,True
NDAQ,2007-06-27,2022-01-01,1,60,7z,/Users/zhiyichen/Desktop/wasserstein-finance/data_by_stocks/_data_dwn_32_302__NDAQ_2007-06-27_2022-01-01_1_60.7z,8505761,False,,,,,True
NEE,2007-06-27,2021-07-01,10,60,7z,/Users/zhiyichen/Desktop/wasserstein-finance/data_by_stocks/_data_dwn_32_302__NEE_2007-06-27_2021-07-01_10_60.7z,41180116,False,,,,,True
NEM,2007-06-27,2022-01-01,1,60,7z,/Users/zhiyichen/Desktop/wasserstein-finance/data_by_stocks/_data_dwn_32_302__NEM_2007-06-27_2022-01-01_1_60.7z,8782490,False,,,,,True
NFLX,2007-06-27,2021-07-01,10,60,7z,/Users/zhiyichen/Desktop/wasserstein-finance/data_by_stocks/_data_dwn_32_302__NFLX_2007-06-27_2021-07-01_10_60.7z,56704188,False,,,,,True
NI,2007-06-27,2022-01-01,1,60,7z,/Users/zhiyichen/Desktop/wasserstein-finance/data_by_stocks/_data_dwn_32_302__NI_2007-06-27_2022-01-01_1_60.7z,8290151,False,,,,,True
NKE,2007-06-27,2022-01-01,1,60,7z,/Users/zhiyichen/Desktop/wasserstein-finance/data_by_stocks/_data_dwn_32_302__NKE_2007-06-27_2022-01-01_1_60.7z,8456769,False,,,,,True
NLOK,2007-06-27,2022-01-01,1,60,7z,/Users/zhiyichen/Desktop/wasserstein-finance/data_by_stocks/_data_dwn_32_302__NLOK_2007-06-27_2022-01-01_1_60.7z,1392823,False,,,,,True
NLSN,2007-06-27,2022-01-01,1,60,7z,/Users/zhiyichen/Desktop/wasserstein-finance/data_by_stocks/_data_dwn_32_302__NLSN_2007-06-27_2022-01-01_1_60.7z,5626315,False,,,,,True
NOC,2007-06-27,2022-01-01,1,60,7z,/Users/zhiyichen/Desktop/wasserstein-finance/data_by_stocks/_data_dwn_32_302__NOC_2007-06-27_2022-01-01_1_60.7z,8653043,False,,,,,True
NOV,2007-06-27,2022-01-01,1,60,7z,/Users/zhiyichen/Desktop/wasserstein-finance/data_by_stocks/_data_dwn_32_302__NOV_2007-06-27_2022-01-01_1_60.7z,8502141,False,,,,,True
NOW,2007-06-27,2022-01-01,1,60,7z,/Users/zhiyichen/Desktop/wasserstein-finance/data_by_stocks/_data_dwn_32_302__NOW_2007-06-27_2022-01-01_1_60.7z,5917927,False,,,,,True
NRG,2007-06-27,2022-01-01,1,60,7z,/Users/zhiyichen/Desktop/wasserstein-finance/data_by_stocks/_data_dwn_32_302__NRG_2007-06-27_2022-01-01_1_60.7z,8265855,False,,,,,True
NSC,2007-06-27,2022-01-01,1,60,7z,/Users/zhiyichen/Desktop/wasserstein-finance/data_by_stocks/_data_dwn_32_302__NSC_2007-06-27_2022-01-01_1_60.7z,8600319,False,,,,,True
NTAP,2007-06-27,2022-01-01,1,60,7z,/Users/zhiyichen/Desktop/wasserstein-finance/data_by_stocks/_data_dwn_32_302__NTAP_2007-06-27_2022-01-01_1_60.7z,9262219,False,,,,,True
NTRS,2007-06-27,2021-01-01,1,60,7z,/Users/zhiyichen/Desktop/wasserstein-finance/data_by_stocks/_data_dwn_32_302__NTRS_2007-06-27_2021-01-01_1_60.7z,8015041,False,,,,,True
NUE,2007-06-27,2022-01-01,1,60,7z,/Users/zhiyichen/Desktop/wasserstein-finance/data_by_stocks/_data_dwn_32_302__NUE_2007-06-27_2022-01-01_1_60.7z,8422944,False,,,,,True
NVDA,2007-06-27,2021-07-01,10,60,7z,/Users/zhiyichen/Desktop/wasserstein-finance/data_by_stocks/_data_dwn_32_302__NVDA_2007-06-27_2021-07-01_10_60.7z,58305899,False,,,,,True
NVR,2007-06-27,2022-01-01,1,60,7z,/Users/zhiyichen/Desktop/wasserstein-finance/data_by_stocks/_data_dwn_32_302__NVR_2007-06-27_2022-01-01_1_60.7z,6941544,False,,,,,True
NWL,2007-06-27,2022-01-01,1,60,7z,/Users/zhiyichen/Desktop/wasserstein-finance/data_by_stocks/_data_dwn_32_302__NWL_2007-06-27_2022-01-01_1_60.7z,8376475,False,,,,,True
NWSA,2007-06-27,2022-01-01,1,60,7z,/Users/zhiyichen/Desktop/wasserstein-finance/data_by_stocks/_data_dwn_32_302__NWSA_2007-06-27_2022-01-01_1_60.7z,8516396,False,,,,,True
NWS,2007-06-27,2022-01-01,1,60,7z,/Users/zhiyichen/Desktop/wasserstein-finance/data_by_stocks/_data_dwn_32_302__NWS_2007-06-27_2022-01-01_1_60.7z,7844952,False,,,,,True
ODFL,2007-06-27,2022-01-01,1,60,7z,/Users/zhiyichen/Desktop/wasserstein-finance/data_by_stocks/_data_dwn_32_302__ODFL_2007-06-27_2022-01-01_1_60.7z,7817004,False,,,,,True
OKE,2007-06-27,2022-01-01,1,60,7z,/Users/zhiyichen/Desktop/wasserstein-finance/data_by_stocks/_data_dwn_32_302__OKE_2007-06-27_2022-01-01_1_60.7z,7928397,False,,,,,True
OMC,2007-06-27,2022-01-01,1,60,7z,/Users/zhiyichen/Desktop/wasserstein-finance/data_by_stocks/_data_dwn_32_302__OMC_2007-06-27_2022-01-01_1_60.7z,7987584,False,,,,,True
ORCL,2007-06-27,2021-07-01,10,60,7z,/Users/zhiyichen/Desktop/wasserstein-finance/data_by_stocks/_data_dwn_32_302__ORCL_2007-06-27_2021-07-01_10_60.7z,58257565,False,,,,,True
ORLY,2007-06-27,2022-01-01,1,60,7z,/Users/zhiyichen/Desktop/wasserstein-finance/data_by_stocks/_data_dwn_32_302__ORLY_2007-06-27_2022-01-01_1_60.7z,9026495,False,,,,,True
OXY,2007-06-27,2022-01-01,1,60,7z,/Users/zhiyichen/Desktop/wasserstein-finance/data_by_stocks/_data_dwn_32_302__OXY_2007-06-27_2022-01-01_1_60.7z,8567767,False,,,,,True
O,2007-06-27,2021-01-01,1,60,7z,/Users/zhiyichen/Desktop/wasserstein-finance/data_by_stocks/_data_dwn_32_302__O_2007-06-27_2021-01-01_1_60.7z,7115041,False,,,,,True
PAYX,2007-06-27,2021-01-01,1,60,7z,/Users/zhiyichen/Desktop/wasserstein-finance/data_by_stocks/_data_dwn_32_302__PAYX_2007-06-27_2021-01-01_1_60.7z,8314311,False,,,,,True
PBCT,2007-06-27,2022-01-01,1,60,7z,/Users/zhiyichen/Desktop/wasserstein-finance/data_by_stocks/_data_dwn_32_302__PBCT_2007-06-27_2022-01-01_1_60.7z,9140257,False,,,,,True
PCAR,2007-06-27,2021-01-01,1,60,7z,/Users/zhiyichen/Desktop/wasserstein-finance/data_by_stocks/_data_dwn_32_302__PCAR_2007-06-27_2021-01-01_1_60.7z,8113558,False,,,,,True
PEAK,2007-06-27,2022-01-01,1,60,7z,/Users/zhiyichen/Desktop/wasserstein-finance/data_by_stocks/_data_dwn_32_302__PEAK_2007-06-27_2022-01-01_1_60.7z,1445931,False,,,,,True
PEG,2007-06-27,2022-01-01,1,60,7z,/Users/zhiyichen/Desktop/wasserstein-finance/data_by_stocks/_data_dwn_32_302__PEG_2007-06-27_2022-01-01_1_60.7z,8272265,False,,,,,True
PEP,2007-06-27,2021-07-01,10,60,7z,/Users/zhiyichen/Desktop/wasserstein-finance/data_by_stocks/_data_dwn_32_302__PEP_2007-06-27_2021-07-01_10_60.7z,53952099,False,,,,,True
PFE,2007-06-27,2021-07-01,10,60,7z,/Users/zhiyichen/Desktop/wasserstein-finance/data_by_stocks/_data_dwn_32_302__PFE_2007-06-27_2021-07-01_10_60.7z,53860769,False,,,,,True
PFG,2007-06-27,2022-01-01,1,60,7z,/Users/zhiyichen/Desktop/wasserstein-finance/data_by_stocks/_data_dwn_32_302__PFG_2007-06-27_2022-01-01_1_60.7z,8380897,False,,,,,True
PGR,2007-06-27,2022-01-01,1,60,7z,/Users/zhiyichen/Desktop/wasserstein-finance/data_by_stocks/_data_dwn_32_302__PGR_2007-06-27_2022-01-01_1_60.7z,8720084,False,,,,,True
PG,2007-06-27,2021-07-01,10,60,7z,/Users/zhiyichen/Desktop/wasserstein-finance/data_by_stocks/_data_dwn_32_302__PG_2007-06-27_2021-07-01_10_60.7z,55149048,False,,,,,True
PHM,2007-06-27,2022-01-01,1,60,7z,/Users/zhiyichen/Desktop/wasserstein-finance/data_by_stocks/_data_dwn_32_302__PHM_2007-06-27_2022-01-01_1_60.7z,9108845,False,,,,,True
PH,2007-06-27,2021-01-01,1,60,7z,/Users/zhiyichen/Desktop/wasserstein-finance/data_by_stocks/_data_dwn_32_302__PH_2007-06-27_2021-01-01_1_60.7z,7970099,False,,,,,True
PKG,2007-06-27,2022-01-01,1,60,7z,/Users/zhiyichen/Desktop/wasserstein-finance/data_by_stocks/_data_dwn_32_302__PKG_2007-06-27_2022-01-01_1_60.7z,7605938,False,,,,,True
PKI,2007-06-27,2022-01-01,1,60,7z,/Users/zhiyichen/Desktop/wasserstein-finance/data_by_stocks/_data_dwn_32_302__PKI_2007-06-27_2022-01-01_1_60.7z,7800816,False,,,,,True
PLD,2007-06-27,2022-01-01,1,60,7z,/Users/zhiyichen/Desktop/wasserstein-finance/data_by_stocks/_data_dwn_32_302__PLD_2007-06-27_2022-01-01_1_60.7z,8520433,False,,,,,True
PM,2007-06-27,2021-07-01,10,60,7z,/Users/zhiyichen/Desktop/wasserstein-finance/data_by_stocks/_data_dwn_32_302__PM_2007-06-27_2021-07-01_10_60.7z,50059144,False,,,,,True
PNC,2007-06-27,2021-07-01,10,60,7z,/Users/zhiyichen/Desktop/wasserstein-finance/data_by_stocks/_data_dwn_32_302__PNC_2007-06-27_2021-07-01_10_60.7z,53797702,False,,,,,True
PNR,2007-06-27,2022-01-01,1,60,7z,/Users/zhiyichen/Desktop/wasserstein-finance/data_by_stocks/_data_dwn_32_302__PNR_2007-06-27_2022-01-01_1_60.7z,7583687,False,,,,,True
PNW,2007-06-27,2022-01-01,1,60,7z,/Users/zhiyichen/Desktop/wasserstein-finance/data_by_stocks/_data_dwn_32_302__PNW_2007-06-27_2022-01-01_1_60.7z,7953054,False,,,,,True
PPG,2007-06-27,2022-01-01,1,60,7z,/Users/zhiyichen/Desktop/wasserstein-finance/data_by_stocks/_data_dwn_32_302__PPG_2007-06-27_2022-01-01_1_60.7z,8465438,False,,,,,True
PPL,2007-06-27,2021-01-01,1,60,7z,/Users/zhiyichen/Desktop/wasserstein-finance/data_by_stocks/_data_dwn_32_302__PPL_2007-06-27_2021-01-01_1_60.7z,7908381,False,,,,,True
PRGO,2007-06-27,2022-01-01,1,60,7z,/Users/zhiyichen/Desktop/wasserstein-finance/data_by_stocks/_data_dwn_32_302__PRGO_2007-06-27_2022-01-01_1_60.7z,7930524,False,,,,,True
PRU,2007-06-27,2022-01-01,1,60,7z,/Users/zhiyichen/Desktop/wasserstein-finance/data_by_stocks/_data_dwn_32_302__PRU_2007-06-27_2022-01-01_1_60.7z,8530577,False,,,,,True
PSA,2007-06-27,2022-01-01,1,60,7z,/Users/zhiyichen/Desktop/wasserstein-finance/data_by_stocks/_data_dwn_32_302__PSA_2007-06-27_2022-01-01_1_60.7z,8757139,False,,,,,True
PSX,2007-06-27,2022-01-01,1,60,7z,/Users/zhiyichen/Desktop/wasserstein-finance/data_by_stocks/_data_dwn_32_302__PSX_2007-06-27_2022-01-01_1_60.7z,5775572,False,,,,,True
PVH,2007-06-27,2022-01-01,1,60,7z,/Users/zhiyichen/Desktop/wasserstein-finance/data_by_stocks/_data_dwn_32_302__PVH_2007-06-27_2022-01-01_1_60.7z,8074857,False,,,,,True
PWR,2007-06-27,2022-01-01,1,60,7z,/Users/zhiyichen/Desktop/wasserstein-finance/data_by_stocks/_data_dwn_32_302__PWR_2007-06-27_2022-01-01_1_60.7z,8000695,False,,,,,True
PXD,2007-06-27,2021-01-01,1,60,7z,/Users/zhiyichen/Desktop/wasserstein-finance/data_by_stocks/_data_dwn_32_302__PXD_2007-06-27_2021-01-01_1_60.7z,8284879,False,,,,,True
PYPL,2007-06-27,2021-07-01,10,60,7z,/Users/zhiyichen/Desktop/wasserstein-finance/data_by_stocks/_data_dwn_32_302__PYPL_2007-06-27_2021-07-01_10_60.7z,23390236,False,,,,,True
QCOM,2007-06-27,2021-07-01,10,60,7z,/Users/zhiyichen/Desktop/wasserstein-finance/data_by_stocks/_data_dwn_32_302__QCOM_2007-06-27_2021-07-01_10_60.7z,61145950,False,,,,,True
QRVO,2007-06-27,2022-01-01,1,60,7z,/Users/zhiyichen/Desktop/wasserstein-finance/data_by_stocks/_data_dwn_32_302__QRVO_2007-06-27_2022-01-01_1_60.7z,4250225,False,,,,,True
RCL,2007-06-27,2021-01-01,1,60,7z,/Users/zhiyichen/Desktop/wasserstein-finance/data_by_stocks/_data_dwn_32_302__RCL_2007-06-27_2021-01-01_1_60.7z,7281946,False,,,,,True
REGN,2007-06-27,2022-01-01,1,60,7z,/Users/zhiyichen/Desktop/wasserstein-finance/data_by_stocks/_data_dwn_32_302__REGN_2007-06-27_2022-01-01_1_60.7z,8933206,False,,,,,True
REG,2007-06-27,2022-01-01,1,60,7z,/Users/zhiyichen/Desktop/wasserstein-finance/data_by_stocks/_data_dwn_32_302__REG_2007-06-27_2022-01-01_1_60.7z,7723668,False,,,,,True
RE,2007-06-27,2022-01-01,1,60,7z,/Users/zhiyichen/Desktop/wasserstein-finance/data_by_stocks/_data_dwn_32_302__RE_2007-06-27_2022-01-01_1_60.7z,7734007,False,,,,,True
RF,2007-06-27,2022-01-01,1,60,7z,/Users/zhiyichen/Desktop/wasserstein-finance/data_by_stocks/_data_dwn_32_302__RF_2007-06-27_2022-01-01_1_60.7z,9833829,False,,,,,True
RHI,2007-06-27,2022-01-01,1,60,7z,/Users/zhiyichen/Desktop/wasserstein-finance/data_by_stocks/_data_dwn_32_302__RHI_2007-06-27_2022-01-01_1_60.7z,7864142,False,,,,,True
RJF,2007-06-27,2022-01-01,1,60,7z,/Users/zhiyichen/Desktop/wasserstein-finance/data_by_stocks/_data_dwn_32_302__RJF_2007-06-27_2022-01-01_1_60.7z,7718954,False,,,,,True
RL,2007-06-27,2022-01-01,1,60,7z,/Users/zhiyichen/Desktop/wasserstein-finance/data_by_stocks/_data_dwn_32_302__RL_2007-06-27_2022-01-01_1_60.7z,8457365,False,,,,,True
RMD,2007-06-27,2021-01-01,1,60,7z,/Users/zhiyichen/Desktop/wasserstein-finance/data_by_stocks/_data_dwn_32_302__RMD_2007-06-27_2021-01-01_1_60.7z,6799962,False,,,,,True
ROK,2007-06-27,2021-01-01,1,60,7z,/Users/zhiyichen/Desktop/wasserstein-finance/data_by_stocks/_data_dwn_32_302__ROK_2007-06-27_2021-01-01_1_60.7z,7893939,False,,,,,True
ROL,2007-06-27,2022-01-01,1,60,7z,/Users/zhiyichen/Desktop/wasserstein-finance/data_by_stocks/_data_dwn_32_302__ROL_2007-06-27_2022-01-01_1_60.7z,6434248,False,,,,,True
ROP,2007-06-27,2022-01-01,1,60,7z,/Users/zhiyichen/Desktop/wasserstein-finance/data_by_stocks/_data_dwn_32_302__ROP_2007-06-27_2022-01-01_1_60.7z,8372763,False,,,,,True
ROST,2007-06-27,2022-01-01,1,60,7z,/Users/zhiyichen/Desktop/wasserstein-finance/data_by_stocks/_data_dwn_32_302__ROST_2007-06-27_2022-01-01_1_60.7z,8778601,False,,,,,True
RSG,2007-06-27,2021-01-01,1,60,7z,/Users/zhiyichen/Desktop/wasserstein-finance/data_by_stocks/_data_dwn_32_302__RSG_2007-06-27_2021-01-01_1_60.7z,7372458,False,,,,,True
RTN,2007-06-27,2021-07-01,10,60,7z,/Users/zhiyichen/Desktop/wasserstein-finance/data_by_stocks/_data_dwn_32_302__RTN_2007-06-27_2021-07-01_10_60.7z,46841223,False,,,,,True
SBAC,2007-06-27,2021-01-01,1,60,7z,/Users/zhiyichen/Desktop/wasserstein-finance/data_by_stocks/_data_dwn_32_302__SBAC_2007-06-27_2021-01-01_1_60.7z,7590535,False,,,,,True
SBUX,2007-06-27,2021-07-01,10,60,7z,/Users/zhiyichen/Desktop/wasserstein-finance/data_by_stocks/_data_dwn_32_302__SBUX_2007-06-27_2021-07-01_10_60.7z,60812736,False,,,,,True
SCHW,2007-06-27,2021-07-01,10,60,7z,/Users/zhiyichen/Desktop/wasserstein-finance/data_by_stocks/_data_dwn_32_302__SCHW_2007-06-27_2021-07-01_10_60.7z,51548935,False,,,,,True
SEE,2007-06-27,2022-01-01,1,60,7z,/Users/zhiyichen/Desktop/wasserstein-finance/data_by_stocks/_data_dwn_32_302__SEE_2007-06-27_2022-01-01_1_60.7z,7999570,False,,,,,True
SHW,2007-06-27,2022-01-01,1,60,7z,/Users/zhiyichen/Desktop/wasserstein-finance/data_by_stocks/_data_dwn_32_302__SHW_2007-06-27_2022-01-01_1_60.7z,8738889,False,,,,,True
SIVB,2007-06-27,2022-01-01,1,60,7z,/Users/zhiyichen/Desktop/wasserstein-finance/data_by_stocks/_data_dwn_32_302__SIVB_2007-06-27_2022-01-01_1_60.7z,8296379,False,,,,,True
SJM,2007-06-27,2022-01-01,1,60,7z,/Users/zhiyichen/Desktop/wasserstein-finance/data_by_stocks/_data_dwn_32_302__SJM_2007-06-27_2022-01-01_1_60.7z,8087865,False,,,,,True
SLB,2007-06-27,2022-01-01,1,60,7z,/Users/zhiyichen/Desktop/wasserstein-finance/data_by_stocks/_data_dwn_32_302__SLB_2007-06-27_2022-01-01_1_60.7z,8762266,False,,,,,True
SLG,2007-06-27,2022-01-01,1,60,7z,/Users/zhiyichen/Desktop/wasserstein-finance/data_by_stocks/_data_dwn_32_302__SLG_2007-06-27_2022-01-01_1_60.7z,7966081,False,,,,,True
SNA,2007-06-27,2022-01-01,1,60,7z,/Users/zhiyichen/Desktop/wasserstein-finance/data_by_stocks/_data_dwn_32_302__SNA_2007-06-27_2022-01-01_1_60.7z,8099720,False,,,,,True
SNPS,2007-06-27,2021-01-01,1,60,7z,/Users/zhiyichen/Desktop/wasserstein-finance/data_by_stocks/_data_dwn_32_302__SNPS_2007-06-27_2021-01-01_1_60.7z,7442535,False,,,,,True
SO,2007-06-27,2021-07-01,10,60,7z,/Users/zhiyichen/Desktop/wasserstein-finance/data_by_stocks/_data_dwn_32_302__SO_2007-06-27_2021-07-01_10_60.7z,48885238,False,,,,,True
SPGI,2007-06-27,2021-07-01,10,60,7z,/Users/zhiyichen/Desktop/wasserstein-finance/data_by_stocks/_data_dwn_32_302__SPGI_2007-06-27_2021-07-01_10_60.7z,17913235,False,,,,,True
SPG,2007-06-27,2022-01-01,1,60,7z,/Users/zhiyichen/Desktop/wasserstein-finance/data_by_stocks/_data_dwn_32_302__SPG_2007-06-27_2022-01-01_1_60.7z,8851168,False,,,,,True
SPY,2007-06-27,2022-01-01,10,60,7z,/Users/zhiyichen/Desktop/wasserstein-finance/data_by_stocks/_data_dwn_32_302__SPY_2007-06-27_2022-01-01_10_60.7z,74889127,False,,,,,True
SRE,2007-06-27,2022-01-01,1,60,7z,/Users/zhiyichen/Desktop/wasserstein-finance/data_by_stocks/_data_dwn_32_302__SRE_2007-06-27_2022-01-01_1_60.7z,8319078,False,,,,,True
STT,2007-06-27,2022-01-01,1,60,7z,/Users/zhiyichen/Desktop/wasserstein-finance/data_by_stocks/_data_dwn_32_302__STT_2007-06-27_2022-01-01_1_60.7z,8468474,False,,,,,True
STX,2007-06-27,2022-01-01,1,60,7z,/Users/zhiyichen/Desktop/wasserstein-finance/data_by_stocks/_data_dwn_32_302__STX_2007-06-27_2022-01-01_1_60.7z,9013247,False,,,,,True
STZ,2007-06-27,2022-01-01,1,60,7z,/Users/zhiyichen/Desktop/wasserstein-finance/data_by_stocks/_data_dwn_32_302__STZ_2007-06-27_2022-01-01_1_60.7z,8375454,False,,,,,True
SWKS,2007-06-27,2021-01-01,1,60,7z,/Users/zhiyichen/Desktop/wasserstein-finance/data_by_stocks/_data_dwn_32_302__SWKS_2007-06-27_2021-01-01_1_60.7z,8157141,False,,,,,True
SWK,2007-06-27,2021-01-01,1,60,7z,/Users/zhiyichen/Desktop/wasserstein-finance/data_by_stocks/_data_dwn_32_302__SWK_2007-06-27_2021-01-01_1_60.7z,7788809,False,,,,,True
SYF,2007-06-27,2021-01-01,1,60,7z,/Users/zhiyichen/Desktop/wasserstein-finance/data_by_stocks/_data_dwn_32_302__SYF_2007-06-27_2021-01-01_1_60.7z,3563006,False,,,,,True
SYK,2007-06-27,2021-07-01,10,60,7z,/Users/zhiyichen/Desktop/wasserstein-finance/data_by_stocks/_data_dwn_32_302__SYK_2007-06-27_2021-07-01_10_60.7z,49775412,False,,,,,True
SYY,2007-06-27,2022-01-01,1,60,7z,/Users/zhiyichen/Desktop/wasserstein-finance/data_by_stocks/_data_dwn_32_302__SYY_2007-06-27_2022-01-01_1_60.7z,8404004,False,,,,,True
TAP,2007-06-27,2022-01-01,1,60,7z,/Users/zhiyichen/Desktop/wasserstein-finance/data_by_stocks/_data_dwn_32_302__TAP_2007-06-27_2022-01-01_1_60.7z,7827995,False,,,,,True
TDG,2007-06-27,2021-01-01,1,60,7z,/Users/zhiyichen/Desktop/wasserstein-finance/data_by_stocks/_data_dwn_32_302__TDG_2007-06-27_2021-01-01_1_60.7z,6948131,False,,,,,True
TEL,2007-06-27,2022-01-01,1,60,7z,/Users/zhiyichen/Desktop/wasserstein-finance/data_by_stocks/_data_dwn_32_302__TEL_2007-06-27_2022-01-01_1_60.7z,7975988,False,,,,,True
TFC,2007-06-27,2021-07-01,10,60,7z,/Users/zhiyichen/Desktop/wasserstein-finance/data_by_stocks/_data_dwn_32_302__TFC_2007-06-27_2021-07-01_10_60.7z,7050507,False,,,,,True
TFX,2007-06-27,2022-01-01,1,60,7z,/Users/zhiyichen/Desktop/wasserstein-finance/data_by_stocks/_data_dwn_32_302__TFX_2007-06-27_2022-01-01_1_60.7z,7223815,False,,,,,True
TGT,2007-06-27,2021-07-01,10,60,7z,/Users/zhiyichen/Desktop/wasserstein-finance/data_by_stocks/_data_dwn_32_302__TGT_2007-06-27_2021-07-01_10_60.7z,53662658,False,,,,,True
TIF,2007-06-27,2022-01-01,1,60,7z,/Users/zhiyichen/Desktop/wasserstein-finance/data_by_stocks/_data_dwn_32_302__TIF_2007-06-27_2022-01-01_1_60.7z,7631062,False,,,,,True
TJX,2007-06-27,2021-07-01,10,60,7z,/Users/zhiyichen/Desktop/wasserstein-finance/data_by_stocks/_data_dwn_32_302__TJX_2007-06-27_2021-07-01_10_60.7z,51765597,False,,,,,True
TMO,2007-06-27,2021-07-01,10,60,7z,/Users/zhiyichen/Desktop/wasserstein-finance/data_by_stocks/_data_dwn_32_302__TMO_2007-06-27_2021-07-01_10_60.7z,51859293,False,,,,,True
TMUS,2007-06-27,2021-01-01,1,60,7z,/Users/zhiyichen/Desktop/wasserstein-finance/data_by_stocks/_data_dwn_32_302__TMUS_2007-06-27_2021-01-01_1_60.7z,4368603,False,,,,,True
TPR,2007-06-27,2022-01-01,1,60,7z,/Users/zhiyichen/Desktop/wasserstein-finance/data_by_stocks/_data_dwn_32_302__TPR_2007-06-27_2022-01-01_1_60.7z,2439136,False,,,,,True
TRIP,2007-06-27,2022-01-01,1,60,7z,/Users/zhiyichen/Desktop/wasserstein-finance/data_by_stocks/_data_dwn_32_302__TRIP_2007-06-27_2022-01-01_1_60.7z,5895705,False,,,,,True
TROW,2007-06-27,2021-01-01,1,60,7z,/Users/zhiyichen/Desktop/wasserstein-finance/data_by_stocks/_data_dwn_32_302__TROW_2007-06-27_2021-01-01_1_60.7z,7999373,False,,,,,True
TRV,2007-06-27,2022-01-01,1,60,7z,/Users/zhiyichen/Desktop/wasserstein-finance/data_by_stocks/_data_dwn_32_302__TRV_2007-06-27_2022-01-01_1_60.7z,8552611,False,,,,,True
TSCO,2007-06-27,2022-01-01,1,60,7z,/Users/zhiyichen/Desktop/wasserstein-finance/data_by_stocks/_data_dwn_32_302__TSCO_2007-06-27_2022-01-01_1_60.7z,8253809,False,,,,,True
TSN,2007-06-27,2021-01-01,1,60,7z,/Users/zhiyichen/Desktop/wasserstein-finance/data_by_stocks/_data_dwn_32_302__TSN_2007-06-27_2021-01-01_1_60.7z,7823304,False,,,,,True
TTWO,2007-06-27,2022-01-01,1,60,7z,/Users/zhiyichen/Desktop/wasserstein-finance/data_by_stocks/_data_dwn_32_302__TTWO_2007-06-27_2022-01-01_1_60.7z,8142224,False,,,,,True
TWTR,2007-06-27,2021-01-01,1,60,7z,/Users/zhiyichen/Desktop/wasserstein-finance/data_by_stocks/_data_dwn_32_302__TWTR_2007-06-27_2021-01-01_1_60.7z,4300501,False,,,,,True
TXN,2007-06-27,2021-07-01,10,60,7z,/Users/zhiyichen/Desktop/wasserstein-finance/data_by_stocks/_data_dwn_32_302__TXN_2007-06-27_2021-07-01_10_60.7z,57143741,False,,,,,True
TXT,2007-06-27,2022-01-01,1,60,7z,/Users/zhiyichen/Desktop/wasserstein-finance/data_by_stocks/_data_dwn_32_302__TXT_2007-06-27_2022-01-01_1_60.7z,8293970,False,,,,,True
T,2007-06-27,2021-07-01,10,60,7z,/Users/zhiyichen/Desktop/wasserstein-finance/data_by_stocks/_data_dwn_32_302__T_2007-06-27_2021-07-01_10_60.7z,55259032,False,,,,,True
UAA,2007-06-27,2022-01-01,1,60,7z,/Users/zhiyichen/Desktop/wasserstein-finance/data_by_stocks/_data_dwn_32_302__UAA_2007-06-27_2022-01-01_1_60.7z,2941965,False,,,,,True
UAL,2007-06-27,2021-01-01,1,60,7z,/Users/zhiyichen/Desktop/wasserstein-finance/data_by_stocks/_data_dwn_32_302__UAL_2007-06-27_2021-01-01_1_60.7z,5850972,False,,,,,True
UA,2007-06-27,2022-01-01,1,60,7z,/Users/zhiyichen/Desktop/wasserstein-finance/data_by_stocks/_data_dwn_32_302__UA_2007-06-27_2022-01-01_1_60.7z,7662622,False,,,,,True
UDR,2007-06-27,2022-01-01,1,60,7z,/Users/zhiyichen/Desktop/wasserstein-finance/data_by_stocks/_data_dwn_32_302__UDR_2007-06-27_2022-01-01_1_60.7z,7694296,False,,,,,True
UHS,2007-06-27,2022-01-01,1,60,7z,/Users/zhiyichen/Desktop/wasserstein-finance/data_by_stocks/_data_dwn_32_302__UHS_2007-06-27_2022-01-01_1_60.7z,7900050,False,,,,,True
ULTA,2007-06-27,2022-01-01,1,60,7z,/Users/zhiyichen/Desktop/wasserstein-finance/data_by_stocks/_data_dwn_32_302__ULTA_2007-06-27_2022-01-01_1_60.7z,7907474,False,,,,,True
UNH,2007-06-27,2021-07-01,10,60,7z,/Users/zhiyichen/Desktop/wasserstein-finance/data_by_stocks/_data_dwn_32_302__UNH_2007-06-27_2021-07-01_10_60.7z,55962039,False,,,,,True
UNM,2007-06-27,2022-01-01,1,60,7z,/Users/zhiyichen/Desktop/wasserstein-finance/data_by_stocks/_data_dwn_32_302__UNM_2007-06-27_2022-01-01_1_60.7z,8305015,False,,,,,True
UNP,2007-06-27,2021-07-01,10,60,7z,/Users/zhiyichen/Desktop/wasserstein-finance/data_by_stocks/_data_dwn_32_302__UNP_2007-06-27_2021-07-01_10_60.7z,53036076,False,,,,,True
UPS,2007-06-27,2021-07-01,10,60,7z,/Users/zhiyichen/Desktop/wasserstein-finance/data_by_stocks/_data_dwn_32_302__UPS_2007-06-27_2021-07-01_10_60.7z,53864811,False,,,,,True
URI,2007-06-27,2022-01-01,1,60,7z,/Users/zhiyichen/Desktop/wasserstein-finance/data_by_stocks/_data_dwn_32_302__URI_2007-06-27_2022-01-01_1_60.7z,8014449,False,,,,,True
USB,2007-06-27,2021-07-01,10,60,7z,/Users/zhiyichen/Desktop/wasserstein-finance/data_by_stocks/_data_dwn_32_302__USB_2007-06-27_2021-07-01_10_60.7z,52893966,False,,,,,True
UTX,2007-06-27,2021-07-01,10,60,7z,/Users/zhiyichen/Desktop/wasserstein-finance/data_by_stocks/_data_dwn_32_302__UTX_2007-06-27_2021-07-01_10_60.7z,49185962,False,,,,,True
VAR,2007-06-27,2022-01-01,1,60,7z,/Users/zhiyichen/Desktop/wasserstein-finance/data_by_stocks/_data_dwn_32_302__VAR_2007-06-27_2022-01-01_1_60.7z,7527677,False,,,,,True
VFC,2007-06-27,2022-01-01,1,60,7z,/Users/zhiyichen/Desktop/wasserstein-finance/data_by_stocks/_data_dwn_32_302__VFC_2007-06-27_2022-01-01_1_60.7z,8248052,False,,,,,True
VIAC,2007-06-27,2021-01-01,1,60,7z,/Users/zhiyichen/Desktop/wasserstein-finance/data_by_stocks/_data_dwn_32_302__VIAC_2007-06-27_2021-01-01_1_60.7z,839889,False,,,,,True
VMC,2007-06-27,2021-01-01,1,60,7z,/Users/zhiyichen/Desktop/wasserstein-finance/data_by_stocks/_data_dwn_32_302__VMC_2007-06-27_2021-01-01_1_60.7z,7647321,False,,,,,True
VNO,2007-06-27,2022-01-01,1,60,7z,/Users/zhiyichen/Desktop/wasserstein-finance/data_by_stocks/_data_dwn_32_302__VNO_2007-06-27_2022-01-01_1_60.7z,8320693,False,,,,,True
VRSK,2007-06-27,2021-01-01,1,60,7z,/Users/zhiyichen/Desktop/wasserstein-finance/data_by_stocks/_data_dwn_32_302__VRSK_2007-06-27_2021-01-01_1_60.7z,6051374,False,,,,,True
VRSN,2007-06-27,2021-01-01,1,60,7z,/Users/zhiyichen/Desktop/wasserstein-finance/data_by_stocks/_data_dwn_32_302__VRSN_2007-06-27_2021-01-01_1_60.7z,8181123,False,,,,,True
VRTX,2007-06-27,2021-07-01,10,60,7z,/Users/zhiyichen/Desktop/wasserstein-finance/data_by_stocks/_data_dwn_32_302__VRTX_2007-06-27_2021-07-01_10_60.7z,50260006,False,,,,,True
VTR,2007-06-27,2021-01-01,1,60,7z,/Users/zhiyichen/Desktop/wasserstein-finance/data_by_stocks/_data_dwn_32_302__VTR_2007-06-27_2021-01-01_1_60.7z,7526601,False,,,,,True
VZ,2007-06-27,2021-07-01,10,60,7z,/Users/zhiyichen/Desktop/wasserstein-finance/data_by_stocks/_data_dwn_32_302__VZ_2007-06-27_2021-07-01_10_60.7z,55750917,False,,,,,True
V,2007-06-27,2021-07-01,10,60,7z,/Users/zhiyichen/Desktop/wasserstein-finance/data_by_stocks/_data_dwn_32_302__V_2007-06-27_2021-07-01_10_60.7z,49842836,False,,,,,True
WAB,2007-06-27,2022-01-01,1,60,7z,/Users/zhiyichen/Desktop/wasserstein-finance/data_by_stocks/_data_dwn_32_302__WAB_2007-06-27_2022-01-01_1_60.7z,7587970,False,,,,,True
WAT,2007-06-27,2022-01-01,1,60,7z,/Users/zhiyichen/Desktop/wasserstein-finance/data_by_stocks/_data_dwn_32_302__WAT_2007-06-27_2022-01-01_1_60.7z,8246107,False,,,,,True
WBA,2007-06-27,2022-01-01,1,60,7z,/Users/zhiyichen/Desktop/wasserstein-finance/data_by_stocks/_data_dwn_32_302__WBA_2007-06-27_2022-01-01_1_60.7z,4281879,False,,,,,True
WCG,2007-06-27,2022-01-01,1,60,7z,/Users/zhiyichen/Desktop/wasserstein-finance/data_by_stocks/_data_dwn_32_302__WCG_2007-06-27_2022-01-01_1_60.7z,6371721,False,,,,,True
WDC,2007-06-27,2022-01-01,1,60,7z,/Users/zhiyichen/Desktop/wasserstein-finance/data_by_stocks/_data_dwn_32_302__WDC_2007-06-27_2022-01-01_1_60.7z,8661433,False,,,,,True
WEC,2007-06-27,2021-01-01,1,60,7z,/Users/zhiyichen/Desktop/wasserstein-finance/data_by_stocks/_data_dwn_32_302__WEC_2007-06-27_2021-01-01_1_60.7z,7361954,False,,,,,True
WELL,2007-06-27,2022-01-01,1,60,7z,/Users/zhiyichen/Desktop/wasserstein-finance/data_by_stocks/_data_dwn_32_302__WELL_2007-06-27_2022-01-01_1_60.7z,2309145,False,,,,,True
WFC,2007-06-27,2021-07-01,10,60,7z,/Users/zhiyichen/Desktop/wasserstein-finance/data_by_stocks/_data_dwn_32_302__WFC_2007-06-27_2021-07-01_10_60.7z,59591200,False,,,,,True
WHR,2007-06-27,2022-01-01,1,60,7z,/Users/zhiyichen/Desktop/wasserstein-finance/data_by_stocks/_data_dwn_32_302__WHR_2007-06-27_2022-01-01_1_60.7z,8558380,False,,,,,True
WLTW,2007-06-27,2021-01-01,1,60,7z,/Users/zhiyichen/Desktop/wasserstein-finance/data_by_stocks/_data_dwn_32_302__WLTW_2007-06-27_2021-01-01_1_60.7z,3068416,False,,,,,True
WMB,2007-06-27,2021-01-01,1,60,7z,/Users/zhiyichen/Desktop/wasserstein-finance/data_by_stocks/_data_dwn_32_302__WMB_2007-06-27_2021-01-01_1_60.7z,8369451,False,,,,,True
WMT,2007-06-27,2021-07-01,10,60,7z,/Users/zhiyichen/Desktop/wasserstein-finance/data_by_stocks/_data_dwn_32_302__WMT_2007-06-27_2021-07-01_10_60.7z,56369402,False,,,,,True
WM,2007-06-27,2022-01-01,1,60,7z,/Users/zhiyichen/Desktop/wasserstein-finance/data_by_stocks/_data_dwn_32_302__WM_2007-06-27_2022-01-01_1_60.7z,8079094,False,,,,,True
WRB,2007-06-27,2022-01-01,1,60,7z,/Users/zhiyichen/Desktop/wasserstein-finance/data_by_stocks/_data_dwn_32_302__WRB_2007-06-27_2022-01-01_1_60.7z,6912940,False,,,,,True
WRK,2007-06-27,2022-01-01,1,60,7z,/Users/zhiyichen/Desktop/wasserstein-finance/data_by_stocks/_data_dwn_32_302__WRK_2007-06-27_2022-01-01_1_60.7z,3623559,False,,,,,True
WU,2007-06-27,2022-01-01,1,60,7z,/Users/zhiyichen/Desktop/wasserstein-finance/data_by_stocks/_data_dwn_32_302__WU_2007-06-27_2022-01-01_1_60.7z,8715071,False,,,,,True
WYNN,2007-06-27,2022-01-01,1,60,7z,/Users/zhiyichen/Desktop/wasserstein-finance/data_by_stocks/_data_dwn_32_302__WYNN_2007-06-27_2022-01-01_1_60.7z,9140077,False,,,,,True
WY,2007-06-27,2021-01-01,1,60,7z,/Users/zhiyichen/Desktop/wasserstein-finance/data_by_stocks/_data_dwn_32_302__WY_2007-06-27_2021-01-01_1_60.7z,7923853,False,,,,,True
XEC,2007-06-27,2022-01-01,1,60,7z,/Users/zhiyichen/Desktop/wasserstein-finance/data_by_stocks/_data_dwn_32_302__XEC_2007-06-27_2022-01-01_1_60.7z,7990945,False,,,,,True
XEL,2007-06-27,2022-01-01,1,60,7z,/Users/zhiyichen/Desktop/wasserstein-finance/data_by_stocks/_data_dwn_32_302__XEL_2007-06-27_2022-01-01_1_60.7z,8582027,False,,,,,True
XLB,2007-06-27,2022-01-01,10,60,7z,/Users/zhiyichen/Desktop/wasserstein-finance/data_by_stocks/_data_dwn_32_302__XLB_2007-06-27_2022-01-01_10_60.7z,53133897,False,,,,,True
XLC,2007-06-27,2022-01-01,10,60,7z,/Users/zhiyichen/Desktop/wasserstein-finance/data_by_stocks/_data_dwn_32_302__XLC_2007-06-27_2022-01-01_10_60.7z,11636168,False,,,,,True
XLE,2007-06-27,2022-01-01,10,60,7z,/Users/zhiyichen/Desktop/wasserstein-finance/data_by_stocks/_data_dwn_32_302__XLE_2007-06-27_2022-01-01_10_60.7z,60782049,False,,,,,True
XLF,2007-06-27,2022-01-01,10,60,7z,/Users/zhiyichen/Desktop/wasserstein-finance/data_by_stocks/_data_dwn_32_302__XLF_2007-06-27_2022-01-01_10_60.7z,57519330,False,,,,,True
XLI,2007-06-27,2022-01-01,10,60,7z,/Users/zhiyichen/Desktop/wasserstein-finance/data_by_stocks/_data_dwn_32_302__XLI_2007-06-27_2022-01-01_10_60.7z,54066869,False,,,,,True
XLK,2007-06-27,2022-01-01,10,60,7z,/Users/zhiyichen/Desktop/wasserstein-finance/data_by_stocks/_data_dwn_32_302__XLK_2007-06-27_2022-01-01_10_60.7z,54167338,False,,,,,True
XLNX,2007-06-27,2021-01-01,1,60,7z,/Users/zhiyichen/Desktop/wasserstein-finance/data_by_stocks/_data_dwn_32_302__XLNX_2007-06-27_2021-01-01_1_60.7z,8687030,False,,,,,True
XLP,2007-06-27,2022-01-01,10,60,7z,/Users/zhiyichen/Desktop/wasserstein-finance/data_by_stocks/_data_dwn_32_302__XLP_2007-06-27_2022-01-01_10_60.7z,48133370,False,,,,,True
XLU,2007-06-27,2022-01-01,10,60,7z,/Users/zhiyichen/Desktop/wasserstein-finance/data_by_stocks/_data_dwn_32_302__XLU_2007-06-27_2022-01-01_10_60.7z,49639149,False,,,,,True
XLV,2007-06-27,2022-01-01,10,60,7z,/Users/zhiyichen/Desktop/wasserstein-finance/data_by_stocks/_data_dwn_32_302__XLV_2007-06-27_2022-01-01_10_60.7z,51830150,False,,,,,True
XLY,2007-06-27,2022-01-01,10,60,7z,/Users/zhiyichen/Desktop/wasserstein-finance/data_by_stocks/_data_dwn_32_302__XLY_2007-06-27_2022-01-01_10_60.7z,52211363,False,,,,,True
XOM,2007-06-27,2021-07-01,10,60,7z,/Users/zhiyichen/Desktop/wasserstein-finance/data_by_stocks/_data_dwn_32_302__XOM_2007-06-27_2021-07-01_10_60.7z,59619392,False,,,,,True
XRAY,2007-06-27,2022-01-01,1,60,7z,/Users/zhiyichen/Desktop/wasserstein-finance/data_by_stocks/_data_dwn_32_302__XRAY_2007-06-27_2022-01-01_1_60.7z,8357849,False,,,,,True
XRX,2007-06-27,2022-01-01,1,60,7z,/Users/zhiyichen/Desktop/wasserstein-finance/data_by_stocks/_data_dwn_32_302__XRX_2007-06-27_2022-01-01_1_60.7z,8692626,False,,,,,True
XYL,2007-06-27,2022-01-01,1,60,7z,/Users/zhiyichen/Desktop/wasserstein-finance/data_by_stocks/_data_dwn_32_302__XYL_2007-06-27_2022-01-01_1_60.7z,5695584,False,,,,,True
YUM,2007-06-27,2022-01-01,1,60,7z,/Users/zhiyichen/Desktop/wasserstein-finance/data_by_stocks/_data_dwn_32_302__YUM_2007-06-27_2022-01-01_1_60.7z,8254735,False,,,,,True
ZBH,2007-06-27,2022-01-01,1,60,7z,/Users/zhiyichen/Desktop/wasserstein-finance/data_by_stocks/_data_dwn_32_302__ZBH_2007-06-27_2022-01-01_1_60.7z,3930920,False,,,,,True
ZION,2007-06-27,2022-01-01,1,60,7z,/Users/zhiyichen/Desktop/wasserstein-finance/data_by_stocks/_data_dwn_32_302__ZION_2007-06-27_2022-01-01_1_60.7z,8899267,False,,,,,True
ZTS,2007-06-27,2021-07-01,10,60,7z,/Users/zhiyichen/Desktop/wasserstein-finance/data_by_stocks/_data_dwn_32_302__ZTS_2007-06-27_2021-07-01_10_60.7z,27581007,False,,,,,True
