method,ic,n,M,dx,dt,tau,dt_factor,t_final,runtime_sec,runtime_median_sec,n_timing_repeats,stable,mean_err,var_err,w2_to_exact,energy_err,signed_mass_err,min_density,energy_increases,mu_T,var_T,mu_exact,var_exact
jko,gaussian,,60,,,0.2,,1.0,0.015189334000751842,,,True,0.03399797250664488,0.017922360013409966,0.039993535549879694,0.015330708597187881,0.0,0.0,0,0.4018774136780872,0.3844470722586526,0.36787944117144233,0.36652471224524263
jko,gaussian,,60,,,0.1,,1.0,0.028900124998472165,,,True,0.01766374934592002,0.005865253801224102,0.02097373400019062,0.007690285325559876,0.0,0.0,0,0.38554319051736236,0.37238996604646674,0.36787944117144233,0.36652471224524263
jko,gaussian,,60,,,0.05,,1.0,0.0690885839976545,,,True,0.009009949051709154,0.0002291751714130208,0.011036626299403855,0.003877017086360457,0.0,0.0,0,0.3768893902231515,0.3662955370738296,0.36787944117144233,0.36652471224524263
jko,gaussian,,60,,,0.025,,1.0,0.14488120800160686,,,True,0.004551316376708747,0.003278921714905181,0.006036177490362631,0.0019745916408257513,0.0,0.0,0,0.3724307575481511,0.36324579053033745,0.36787944117144233,0.36652471224524263
jko,gaussian,,60,,,0.0125,,1.0,0.27736300000105985,,,True,0.0022868869581252893,0.004802646167040403,0.003641902017203045,0.0010243966174721675,0.0,0.0,0,0.3701663281295676,0.36172206607820223,0.36787944117144233,0.36652471224524263
jko,gaussian,,120,,,0.2,,1.0,0.018608542002766626,,,True,0.033998181461747934,0.021350858633625402,0.03976981243509072,0.015324194365609611,0.0,0.0,0,0.40187762263319027,0.38787557087886804,0.36787944117144233,0.36652471224524263
jko,gaussian,,120,,,0.1,,1.0,0.03874145899681025,,,True,0.017663294301279997,0.009158641872164863,0.02070184023783101,0.007666768593519113,0.0,0.0,0,0.38554273547272233,0.3756833541174075,0.36787944117144233,0.36652471224524263
jko,gaussian,,120,,,0.05,,1.0,0.07675458299854654,,,True,0.009010813795431838,0.002996060053819638,0.010717538843545163,0.0038468280459122983,0.0,0.0,0,0.37689025496687417,0.3695207722990623,0.36787944117144233,0.36652471224524263
jko,gaussian,,120,,,0.025,,1.0,0.15541729200049303,,,True,0.004551186507450455,8.812944821789959e-05,0.005650422804034831,0.0019407496255743895,0.0,0.0,0,0.3724306276788928,0.36643658279702473,0.36787944117144233,0.36652471224524263
jko,gaussian,,120,,,0.0125,,1.0,0.3010075419988425,,,True,0.0022872535034159647,0.0016289341918417355,0.0031704773776150726,0.0009891967492128284,0.0,0.0,0,0.3701666946748583,0.3648957780534009,0.36787944117144233,0.36652471224524263
jko,gaussian,,240,,,0.2,,1.0,0.024678916997800115,,,True,0.0339979905177597,0.023071382281863784,0.03965016551558495,0.015320515104638999,0.0,0.0,0,0.40187743168920204,0.3895960945271064,0.36787944117144233,0.36652471224524263
jko,gaussian,,240,,,0.1,,1.0,0.047667665996414144,,,True,0.01766426566341578,0.010809705341958797,0.020559107699946594,0.007654861296585713,0.0,0.0,0,0.3855437068348581,0.37733441758720143,0.36787944117144233,0.36652471224524263
jko,gaussian,,240,,,0.05,,1.0,0.09872504200029653,0.09419831249942945,10,True,0.009009270056925645,0.004611741746130271,0.010547997265374759,0.0038302238079147566,0.0,0.0,0,0.376888711228368,0.3711364539913729,0.36787944117144233,0.36652471224524263
jko,gaussian,,240,,,0.025,,1.0,0.17327458300133003,,,True,0.004551277550496224,0.0015104071565432142,0.00544735499847188,0.0019231086557623955,0.0,0.0,0,0.37243071872193856,0.36803511940178585,0.36787944117144233,0.36652471224524263
jko,gaussian,,240,,,0.0125,,1.0,0.3381107499990321,,,True,0.002287514347798225,3.917399355574114e-05,0.002914791089657353,0.0009708213075740324,0.0,0.0,0,0.37016695551924056,0.3664855382516869,0.36787944117144233,0.36652471224524263
jko,gaussian,,480,,,0.2,,1.0,0.03304004200253985,,,True,0.03399796998460314,0.023933883864471484,0.039587004520407705,0.015318692469803552,0.0,0.0,0,0.40187741115604547,0.3904585961097141,0.36787944117144233,0.36652471224524263
jko,gaussian,,480,,,0.1,,1.0,0.058230083999660565,,,True,0.017663034067248673,0.01163765015348206,0.020482923314738825,0.007648199919454091,0.0,0.0,0,0.385542475238691,0.3781623623987247,0.36787944117144233,0.36652471224524263
jko,gaussian,,480,,,0.05,,1.0,0.11632616699716891,,,True,0.009010019278748893,0.005421927389828274,0.010460957728022897,0.0038224163434898983,0.0,0.0,0,0.3768894604501912,0.3719466396350709,0.36787944117144233,0.36652471224524263
jko,gaussian,,480,,,0.025,,1.0,0.3952935420020367,,,True,0.004550568640348418,0.0023113418734008184,0.005340053009403892,0.0019138652521774602,0.0,0.0,0,0.37243000981179075,0.36883605411864345,0.36787944117144233,0.36652471224524263
jko,gaussian,,480,,,0.0125,,1.0,0.386303916999168,0.38650604149734136,10,True,0.0022874010787028998,0.0007571955849676182,0.0027765397942453884,0.0009613840131494356,0.0,0.0,0,0.37016684225014523,0.36728190783021025,0.36787944117144233,0.36652471224524263
implicit,gaussian,81,,0.15000000000000036,0.2,,,1.0,0.0034367499974905513,,,True,0.08926751027812269,0.11825801838334815,0.12064096744125316,0.056587299104344846,1.1102230246251565e-15,1.9357762422747146e-14,0,0.457146951449565,0.4847827306285908,0.36787944117144233,0.36652471224524263
implicit,gaussian,81,,0.15000000000000036,0.1,,,1.0,0.005993457998556551,,,True,0.06063366125319897,0.09735689813025267,0.09123498678108787,0.03892557358044274,1.7763568394002505e-15,6.372005517880376e-15,0,0.4285131024246413,0.4638816103754953,0.36787944117144233,0.36652471224524263
implicit,gaussian,81,,0.15000000000000036,0.05,,,1.0,0.010222624998277752,,,True,0.04514884512083872,0.0863509537761345,0.07620232594449725,0.03003161435397239,1.7763568394002505e-15,3.593661864808344e-15,0,0.41302828629228105,0.45287566602137713,0.36787944117144233,0.36652471224524263
implicit,gaussian,81,,0.15000000000000036,0.025,,,1.0,0.02152058399951784,,,True,0.037087505760557415,0.0807304465016413,0.06850030817881037,0.025590353297291646,6.661338147750939e-16,2.7970878627240987e-15,0,0.40496694693199975,0.44725515874688393,0.36787944117144233,0.36652471224524263
implicit,gaussian,161,,0.07500000000000018,0.2,,,1.0,0.0036598749975382816,,,True,0.07762445035900994,0.081952492873693,0.09846975708919078,0.04326143037343683,7.771561172376096e-15,8.937466076170443e-16,0,0.4455038915304523,0.44847720511893563,0.36787944117144233,0.36652471224524263
implicit,gaussian,161,,0.07500000000000018,0.1,,,1.0,0.007249124999361811,,,True,0.047774032949130796,0.06036417406873784,0.06588099123020788,0.026201384522329563,7.105427357601002e-15,5.495884624466136e-17,0,0.41565347412057313,0.4268888863139805,0.36787944117144233,0.36652471224524263
implicit,gaussian,161,,0.07500000000000018,0.05,,,1.0,0.015056707998155616,0.015090917000634363,10,True,0.03160516172650529,0.049068584682855965,0.04873677445761896,0.01772434269740719,6.439293542825908e-15,8.084532057334361e-18,0,0.3994846028979476,0.4155932969280986,0.36787944117144233,0.36652471224524263
implicit,gaussian,161,,0.07500000000000018,0.025,,,1.0,0.030021083999599796,,,True,0.02318023638281269,0.043324464877355695,0.04030820685918513,0.013522851757756083,7.105427357601002e-15,3.438613046921148e-18,0,0.391059677554255,0.40984917712259833,0.36787944117144233,0.36652471224524263
implicit,gaussian,321,,0.037499999999999645,0.2,,,1.0,0.006336999998893589,,,True,0.07176479773273575,0.06373181598834132,0.08735649208094366,0.03723880243619976,1.9984014443252818e-15,1.6663787591223788e-16,0,0.4396442389041781,0.43025652823358396,0.36787944117144233,0.36652471224524263
implicit,gaussian,321,,0.037499999999999645,0.1,,,1.0,0.01142170800085296,,,True,0.04128582685398818,0.041822087904615224,0.05289736024501402,0.020589644799361984,3.9968028886505635e-15,3.306358398211261e-18,0,0.4091652680254305,0.40834680014985786,0.36787944117144233,0.36652471224524263
implicit,gaussian,321,,0.037499999999999645,0.05,,,1.0,0.02420541700121248,,,True,0.02476274820033192,0.0303967072708215,0.03460367197424705,0.012386302738907173,3.3306690738754696e-15,1.1583283423689096e-19,0,0.39264218937177425,0.39692141951606413,0.36787944117144233,0.36652471224524263
implicit,gaussian,321,,0.037499999999999645,0.025,,,1.0,0.04721200000130921,,,True,0.016148953903353636,0.024599815337694397,0.02541444306232037,0.008338874685391517,1.5543122344752192e-15,1.9279924361746616e-20,0,0.38402839507479597,0.39112452758293703,0.36787944117144233,0.36652471224524263
implicit,gaussian,641,,0.018749999999999822,0.2,,,1.0,0.010261082999932114,,,True,0.0688241192453874,0.054606702113356276,0.08186506915579181,0.03440622732522963,2.098321516541546e-14,6.403944336823443e-17,0,0.43670356041682973,0.4211314143585989,0.36787944117144233,0.36652471224524263
implicit,gaussian,641,,0.018749999999999822,0.1,,,1.0,0.021106332998897415,,,True,0.0380270412292249,0.03254139837952785,0.04640279822380158,0.017995478655681907,1.2878587085651816e-14,6.666441812083532e-19,0,0.40590648240066723,0.3990661106247705,0.36787944117144233,0.36652471224524263
implicit,gaussian,641,,0.018749999999999822,0.05,,,1.0,0.04160174999924493,,,True,0.021323457433635784,0.021055123662160224,0.027426537348167898,0.009948257095443724,1.0658141036401503e-14,9.049152807440739e-21,0,0.3892028986050781,0.38757983590740286,0.36787944117144233,0.36652471224524263
implicit,gaussian,641,,0.018749999999999822,0.025,,,1.0,0.08325462500215508,0.08255143750102434,10,True,0.012613279215542339,0.015234252440595897,0.017753407470959857,0.005987885712080698,3.3306690738754696e-15,6.312594416776011e-22,0,0.3804927203869847,0.38175896468583853,0.36787944117144233,0.36652471224524263
explicit,gaussian,81,,0.15000000000000036,0.011250000000000053,,0.5,1.0,0.032384875001298496,,,True,0.026481104051355175,0.07234677840253678,0.05815087093989767,0.019737440042058796,4.440892098500626e-16,-9.917370945908853e-10,0,0.3943605452227975,0.4388714906477794,0.36787944117144233,0.36652471224524263
explicit,gaussian,81,,0.15000000000000036,0.005625000000000027,,0.25,1.0,0.06457824999961304,,,True,0.027418007438878678,0.07363065178826489,0.05936516015417635,0.0203473865281813,4.440892098500626e-16,2.1483135133567733e-15,0,0.395297448610321,0.4401553640335075,0.36787944117144233,0.36652471224524263
explicit,gaussian,161,,0.07500000000000018,0.0028125000000000133,,0.5,1.0,0.19923520800148253,0.19643293749868462,10,True,0.013569335071124566,0.03675378885468178,0.03121192586592118,0.008889109803084938,4.440892098500626e-16,1.764235667167367e-18,0,0.3814487762425669,0.4032785010999244,0.36787944117144233,0.36652471224524263
explicit,gaussian,161,,0.07500000000000018,0.0014062500000000067,,0.25,1.0,0.3965080409980146,,,True,0.014327696455311623,0.03722335299760038,0.03186448358363155,0.009241371792309883,4.440892098500626e-16,1.8258491726824375e-18,0,0.38220713762675396,0.403748065242843,0.36787944117144233,0.36652471224524263
explicit,gaussian,321,,0.037499999999999645,0.0007031249999999866,,0.5,1.0,1.3419637090009928,,,True,0.007218408252161523,0.018618651352003968,0.016574332710229636,0.00429487012832408,5.551115123125783e-16,5.899967368612337e-21,0,0.37509784942360386,0.3851433635972466,0.36787944117144233,0.36652471224524263
explicit,gaussian,321,,0.037499999999999645,0.0003515624999999933,,0.25,1.0,2.6846302920021117,,,True,0.007281391422490402,0.018700862284176167,0.016660470880702515,0.004327005180861321,6.661338147750939e-16,5.97083184676136e-21,0,0.37516083259393274,0.3852255745294188,0.36787944117144233,0.36652471224524263
explicit,gaussian,641,,0.018749999999999822,0.00017578124999999666,,0.5,1.0,9.964137040999049,9.850121520999892,10,True,0.0036115633058267926,0.009340051900777968,0.008496753075341593,0.002059109370971257,1.1102230246251565e-15,1.1244592230476522e-22,0,0.3714910044772691,0.3758647641460206,0.36787944117144233,0.36652471224524263
explicit,gaussian,641,,0.018749999999999822,8.789062499999833e-05,,0.25,1.0,19.964815541999997,,,True,0.0036275158040165456,0.009360651857175828,0.008518668549597383,0.002066812807976437,6.661338147750939e-16,1.128947060348341e-22,0,0.3715069569754589,0.37588536410241846,0.36787944117144233,0.36652471224524263
jko,bimodal,,60,,,0.2,,1.0,0.022678332999930717,,,True,1.7250930705407324e-07,0.08426922852577712,0.06887396838451194,0.033600880115975285,0.0,0.0,0,-1.7250930705407324e-07,0.6021466286093261,0.0,0.517877400083549
jko,bimodal,,60,,,0.05,,1.0,0.11594058300033794,,,True,1.4448540996969683e-07,0.017556207859308337,0.01948010439865817,0.008159388775141774,0.0,0.0,0,1.4448540996969683e-07,0.5354336079428573,0.0,0.517877400083549
jko,bimodal,,60,,,0.0125,,1.0,0.4754249159996107,,,True,2.241427081347188e-07,0.0003983838338529333,0.006642136959184499,0.0026324620418622935,0.0,0.0,0,2.241427081347188e-07,0.5182757839174019,0.0,0.517877400083549
jko,bimodal,,240,,,0.2,,1.0,0.035108125000988366,,,True,6.718990241220505e-08,0.08796405343849878,0.0671119618113627,0.03279243642893381,0.0,0.0,0,6.718990241220505e-08,0.6058414535220478,0.0,0.517877400083549
jko,bimodal,,240,,,0.05,,1.0,0.1814727920027508,,,True,2.0340814638567887e-07,0.021501034736857494,0.01777781439432491,0.007459874309669767,0.0,0.0,0,2.0340814638567887e-07,0.5393784348204065,0.0,0.517877400083549
jko,bimodal,,240,,,0.0125,,1.0,0.821159125000122,,,True,2.4038169836870794e-07,0.0043986535280590155,0.004905359622092072,0.00195574169246715,0.0,0.0,0,-2.4038169836870794e-07,0.522276053611608,0.0,0.517877400083549
implicit,bimodal,161,,0.07500000000000018,0.05,,,1.0,0.016094040998723358,,,True,6.661338147750916e-16,0.0999917656288355,0.0639078443083239,0.030419702112437774,5.995204332975845e-15,4.480941635158443e-19,0,6.661338147750916e-16,0.6178691657123845,0.0,0.517877400083549
implicit,bimodal,641,,0.018749999999999822,0.025,,,1.0,0.08434395899894298,,,True,3.6637359812629345e-15,0.03523952545220088,0.023837574173194438,0.009946726363793235,1.865174681370263e-14,6.775796526245332e-26,0,-3.6637359812629345e-15,0.5531169255357499,0.0,0.517877400083549
explicit,bimodal,161,,0.07500000000000018,0.0028125000000000133,,0.5,1.0,0.19988499999817577,,,True,3.330669073875476e-16,0.05426037912406034,0.03518473657526739,0.015013211121777226,6.661338147750939e-16,5.820940403517678e-85,0,3.330669073875476e-16,0.5721377792076093,0.0,0.517877400083549
