method,n,dx,dt,dt_factor,tau,M,runtime_sec,stable,energy_increases,signed_mass_err,neg_mass_min,min_density,lost_positivity
explicit,81,0.15000000000000036,0.011250000000000053,0.5,,,0.05870316596701741,True,0,4.440892098500626e-16,0.0,8.514627768103516e-82,False
implicit,81,0.15000000000000036,0.011250000000000053,0.5,,,0.0877819589804858,True,0,1.2212453270876722e-15,0.0,3.6410476853792223e-22,False
explicit,81,0.15000000000000036,0.040500000000000196,1.8,,,0.010719957994297147,False,13,6057.538415133968,-1.4444911715296658e+21,-1.7457872080369604e+21,True
implicit,81,0.15000000000000036,0.040500000000000196,1.8,,,0.022589582949876785,True,0,1.6653345369377348e-15,0.0,1.1222121751328358e-16,False
explicit,161,0.07500000000000018,0.0028125000000000133,0.5,,,0.3568596658296883,True,0,1.7763568394002505e-15,0.0,5.820940403517678e-85,False
implicit,161,0.07500000000000018,0.0028125000000000133,0.5,,,0.6413130830042064,True,0,2.9976021664879227e-15,0.0,1.5560388666537152e-38,False
explicit,161,0.07500000000000018,0.010125000000000049,1.8,,,0.12052520806901157,False,24,4349.14062500001,-8.132305856088211e+19,-1.0591146803672552e+20,True
implicit,161,0.07500000000000018,0.010125000000000049,1.8,,,0.19929862511344254,True,0,4.218847493575595e-15,0.0,6.4256599113608464e-27,False
jko,,,,,0.1,80,0.12639874988235533,True,0,0.0,0.0,0.0,False
jko,,,,,0.05,160,0.24306133389472961,True,0,0.0,0.0,0.0,False
