mechanism,n,signal,candidate_scaling,efficient_information,exact_profiled_kl,alternative_delta,least_favorable_alternative_mu0,lecam_mse_bound,constrained_rmse,constrained_rmse_se,unconditional_bounded_mse,plugin_invalid_rate,plugin_invalid_se,plugin_conditional_rmse,profile_lr_coverage_95,coverage_se
mean,100,0.025,0.06250000000000001,0.01483319572562055,0.0004434881024855435,0.25,0.027277841601546414,0.007696163493197059,0.6942940479364632,0.008134256553811265,0.48204422499999994,0.896,0.009653186002558947,0.5130724141053712,1.0,0.0
mean,100,0.05,0.25000000000000006,0.0593327829024822,0.001773952409942174,0.25,0.05455568320309283,0.00757982698639412,0.6847299832780802,0.008243900246256012,0.46885514999999994,0.881,0.010239091756596383,0.45161568074698705,0.999,0.0009994998749374613
mean,100,0.1,1.0000000000000002,0.2373311316099288,0.007095809639768696,0.25,0.10911136640618566,0.007347153972788238,0.6575169199343847,0.008422309699192033,0.43232849999999995,0.8200000000000001,0.01214907403878995,0.49681352191124567,0.999,0.0009994998749374613
mean,100,0.2,4.000000000000001,0.9493245264397152,0.028383238559074785,0.25,0.2182227328123713,0.0068818079455764776,0.5753107203937712,0.008728195632321824,0.33098242499999997,0.696,0.014545927265045704,0.47341005987707724,0.991,0.0029864694875387575
mean,100,0.4,16.000000000000004,3.797298105758861,0.11353295423629914,0.25,0.4364454656247426,0.005951115891152955,0.4184739537892412,0.008025577576226293,0.17512044999999998,0.44499999999999995,0.01571543826942157,0.43559258980668863,0.973,0.005125524363418832
mean,100,0.8,64.00000000000001,15.189192423035443,0.45413181694519655,0.25,0.8728909312494852,0.004089731782305909,0.2485488885511259,0.004951990648054042,0.06177655,0.14400000000000002,0.011102432165971564,0.3591123317558938,0.953,0.00669260786241059
mean,100,1.6,256.00000000000006,60.75676969214177,1.8165272677807862,0.25,1.7457818624989705,0.00036696356461181877,0.1286199828953495,0.002761661099010372,0.016543099999999998,0.01200000000000001,0.003443254274665176,0.2152051681648363,0.952,0.006759881655768837
mean,400,0.0125,0.06250000000000001,0.01483319572562055,0.0004434881024855435,0.25,0.013638920800773207,0.007696163493197059,0.7100490828104772,0.007902795274324456,0.5041696999999999,0.886,0.010050074626588601,0.5004121436380959,0.998,0.0014127986409959495
mean,400,0.025,0.25000000000000006,0.0593327829024822,0.001773952409942174,0.25,0.027277841601546414,0.00757982698639412,0.6928101291118657,0.008044261048408044,0.47998587499999995,0.883,0.010164201887015036,0.46181328453272297,1.0,0.0
mean,400,0.05,1.0000000000000002,0.2373311316099288,0.007095809639768696,0.25,0.05455568320309283,0.007347153972788238,0.6599307728845503,0.008555361168003041,0.4355086249999999,0.825,0.012015614840697917,0.5045275036932764,0.996,0.0019959959919799443
mean,400,0.1,4.000000000000001,0.9493245264397152,0.028383238559074785,0.25,0.10911136640618566,0.0068818079455764776,0.5750228691104381,0.00877554367105936,0.3306513,0.6910000000000001,0.014612289348353322,0.48550966679585367,0.99,0.003146426544510456
mean,400,0.2,16.000000000000004,3.797298105758861,0.11353295423629914,0.25,0.2182227328123713,0.005951115891152955,0.41601712705127897,0.00782878868518003,0.17307024999999998,0.42400000000000004,0.015627667772255716,0.4410369472074573,0.979,0.00453420334788814
mean,400,0.4,64.00000000000001,15.189192423035443,0.45413181694519655,0.25,0.4364454656247426,0.004089731782305909,0.24707807470514254,0.004958309615399224,0.06104757499999999,0.14300000000000002,0.011070275515993268,0.3504662874234408,0.957,0.006414904519944161
mean,400,0.8,256.00000000000006,60.75676969214177,1.8165272677807862,0.25,0.8728909312494852,0.00036696356461181877,0.13253254317336555,0.0030031581966076517,0.017564875,0.007000000000000006,0.002636474919281427,0.21617260329747348,0.952,0.006759881655768837
mean,1600,0.00625,0.06250000000000001,0.01483319572562055,0.0004434881024855435,0.25,0.0068194604003866035,0.007696163493197059,0.7006776541320552,0.008070479313399381,0.49094917499999996,0.875,0.010458250331675944,0.4956250960334818,1.0,0.0
mean,1600,0.0125,0.25000000000000006,0.0593327829024822,0.001773952409942174,0.25,0.013638920800773207,0.00757982698639412,0.6942900510593537,0.00816548102311227,0.4820386749999999,0.866,0.010772372069326236,0.5225638933386737,1.0,0.0
mean,1600,0.025,1.0000000000000002,0.2373311316099288,0.007095809639768696,0.25,0.027277841601546414,0.007347153972788238,0.6704492896558247,0.008259112123504051,0.44950224999999994,0.808,0.01245536029185828,0.47974428542355857,0.997,0.0017294507798720387
mean,1600,0.05,4.000000000000001,0.9493245264397152,0.028383238559074785,0.25,0.05455568320309283,0.0068818079455764776,0.5599233429675887,0.008750925007929474,0.31351415,0.698,0.01451881537867329,0.481128633613751,0.987,0.0035820385257559714
mean,1600,0.1,16.000000000000004,3.797298105758861,0.11353295423629914,0.25,0.10911136640618566,0.005951115891152955,0.41537600436231265,0.008252978332734213,0.172537225,0.405,0.015523369479594306,0.44162124446678974,0.967,0.005648982209212561
mean,1600,0.2,64.00000000000001,15.189192423035443,0.45413181694519655,0.25,0.2182227328123713,0.004089731782305909,0.2428149501163386,0.004693708200402856,0.0589591,0.16300000000000003,0.011680368144883107,0.3540883238376953,0.958,0.006343185319695463
mean,1600,0.4,256.00000000000006,60.75676969214177,1.8165272677807862,0.25,0.4364454656247426,0.00036696356461181877,0.12564453828161415,0.002653323600484711,0.01578655,0.016000000000000014,0.00396787096564392,0.20821381059614472,0.962,0.006046155803483734
variance,100,0.025,0.06250000000000001,0.003235983823287071,,0.2,,0.0049428711243045195,,,1.5734881534015095,0.917,0.008724161850859943,0.6287715384660645,,0.0
variance,100,0.05,0.25000000000000006,0.012619469774873536,,0.2,,0.004887186236082504,,,1.5296955716805005,0.91,0.009049861877399012,0.5257832138208249,,0.0
variance,100,0.1,1.0000000000000002,0.047995049562940734,,0.2,,0.004779902666877335,,,1.3620998609173267,0.849,0.01132249972400088,0.5914026892919673,,0.0
variance,100,0.2,4.000000000000001,0.17382478274903565,,0.2,,0.004580145384955753,,,1.1144711862433383,0.751,0.013674757767507255,0.5944673627525007,,0.0
variance,100,0.4,16.000000000000004,0.5740886027330638,,0.2,,0.0042298327053885455,,,0.7720669858776003,0.5660000000000001,0.015673034167001616,0.5550988632380066,,0.0
variance,100,0.8,64.00000000000001,1.6156640016848731,,0.2,,0.0036703175993360745,,,0.5482910800566786,0.348,0.015063067416698366,0.5530885105867298,,0.0
variance,100,1.6,256.00000000000006,3.5957515875850254,,0.2,,0.002876648619593047,,,0.27304122003638925,0.19099999999999995,0.012430567163247216,0.4459435299737773,,0.007451107300260817
variance,400,0.0125,0.06250000000000001,0.0032774467941035198,,0.2,,0.004942502045299143,,,1.643364695450047,0.9299999999999999,0.008068457101577726,0.6000413552824785,,0.0
variance,400,0.025,0.25000000000000006,0.012943935293148284,,0.2,,0.004885742248609039,,,1.5059939887896645,0.913,0.008912407082264588,0.5091754523349592,,0.0
variance,400,0.05,1.0000000000000002,0.050477879099494145,,0.2,,0.0047743724721650066,,,1.361642645054208,0.866,0.010772372069326236,0.6483653694601648,,0.0
variance,400,0.1,4.000000000000001,0.19198019825176293,,0.2,,0.00455980533375467,,,0.9929142080251343,0.718,0.014229406171727618,0.5864750318623095,,0.0
variance,400,0.2,16.000000000000004,0.6952991309961426,,0.2,,0.004160290769911505,,,0.747665664357167,0.554,0.01571890581433708,0.5806855988186626,,0.0
variance,400,0.4,64.00000000000001,2.2963544109322553,,0.2,,0.0034596654107770888,,,0.40576886606182233,0.272,0.014071815803228808,0.5105303278701097,,0.009228434320078352
variance,400,0.8,256.00000000000006,6.4626560067394925,,0.2,,0.002340635198672148,,,0.16052927788724775,0.09099999999999997,0.009094998625618366,0.3642557748351247,,0.006624499981130654
variance,1600,0.00625,0.06250000000000001,0.0032984071943984597,,0.2,,0.004942315432163547,,,1.553456255113536,0.933,0.007906389820898028,0.635137252924733,,0.0
variance,1600,0.0125,0.25000000000000006,0.013109787176414079,,0.2,,0.004885004090598284,,,1.5277313520954428,0.904,0.009315793041926167,0.632602801686351,,0.0
variance,1600,0.025,1.0000000000000002,0.051775741172593134,,0.2,,0.004771484497218077,,,1.3047679225146778,0.88,0.010276186062932104,0.5343629717763325,,0.0
variance,1600,0.05,4.000000000000001,0.20191151639797658,,0.2,,0.004548744944330012,,,1.0203050720989553,0.76,0.013505554412907307,0.5704955913995055,,0.0
variance,1600,0.1,16.000000000000004,0.7679207930070517,,0.2,,0.004119610667509339,,,0.7040097975799386,0.52,0.0157987341265052,0.5381148853671491,,0.0
variance,1600,0.2,64.00000000000001,2.7811965239845704,,0.2,,0.0033205815398230083,,,0.3978781914623598,0.257,0.013818502089589886,0.48868773778241054,,0.009612023720320294
variance,1600,0.4,256.00000000000006,9.185417643729021,,0.2,,0.0019193308215541764,,,0.12846377820363483,0.04700000000000004,0.00669260786241059,0.3415541197415329,,0.007451107300260817
