design,budget_per_time,samples_per_population_time,replications,total_training_samples,k_rmse,q_rmse,s0_rmse,artificial_bound_rate,mean_w2_min,mean_w2_max,final_w2_min,final_w2_max,sampled_test_nll_min,sampled_test_nll_max,a_rmse,profile_coverage,profile_full_domain_rate,genuine_b0_contact_rate
centered,300,300,180,900,0.6602373688002782,0.11706849571407696,0.473949153334706,0.1111111111111111,0.05122037556469135,0.5611727800142587,0.06706602333163983,0.8473562089399539,1.099392178057551,1.5756566410569062,nan,1.0,1.0,nan
shifted_only,300,300,180,900,0.5933010387184047,0.07636355406284473,0.43171848855997913,0.044444444444444446,,,,,,,0.09345990058676669,0.95,0.0,0.3111111111111111
mixed,300,100,180,900,0.5981213426032174,0.0671073236150396,0.468729493755193,0.03333333333333333,,,,,,,0.1183110178428586,0.9777777777777777,0.0,0.25
centered,1200,1200,180,3600,0.3684768040857706,0.05785987375232385,0.24033663351995133,0.011111111111111112,0.018956185107031107,0.5600840667397168,0.025798330123821392,0.8460722257584092,1.0908777736857571,1.5577007107512462,nan,1.0,1.0,nan
shifted_only,1200,1200,180,3600,0.3524184366426747,0.04099225987133617,0.24162332276909437,0.0,,,,,,,0.048465717381073886,0.9611111111111111,0.0,0.08888888888888889
mixed,1200,400,180,3600,0.375977640172813,0.043015324175161344,0.24893049674170634,0.0,,,,,,,0.06382560851708757,0.9611111111111111,0.0,0.10555555555555556
centered,4800,4800,180,14400,0.19833117381845936,0.024000015595582545,0.1202364516343827,0.0,0.008060991853524052,0.5597617001040741,0.011936505411100497,0.8456625039549471,1.089197514582324,1.5549970045199737,nan,1.0,1.0,nan
shifted_only,4800,4800,180,14400,0.2003455489041194,0.024154530735768346,0.11973514636295436,0.0,,,,,,,0.022599881572841207,0.9722222222222222,0.0,0.0
mixed,4800,1600,180,14400,0.20158185183851268,0.025187520970075095,0.1206801372077445,0.0,,,,,,,0.02894611800197394,0.9611111111111111,0.0,0.0
