mu0,eps,var0,lambda_min,cond,numerical_rank,n_total,plugin_valid_rate,admissible_rate,median_param_error,rmse_a,p_recover
0.0,0.0,0.3333333333333333,0.0,1.4277145371696832e+21,1,1200,0.028,0.012,0.7091095998840131,0.45007598624409006,0.004
0.05,0.0,0.3333333333333333,0.0,1.4277580484595026e+21,2,1200,0.084,0.016,0.8739886751222741,0.7555395704244005,0.0
0.1,0.0,0.3333333333333333,0.0,1.4278887415772333e+21,2,1200,0.2,0.08,0.7143039960223849,0.45479967905872487,0.027999999999999997
0.2,0.0,0.3333333333333333,0.0,1.428413913290772e+21,2,1200,0.164,0.076,0.740354432562613,0.4505813929223876,0.019999999999999997
0.4,0.0,0.3333333333333333,0.0,1.430553661007326e+21,2,1200,0.16,0.096,0.5281104921612799,0.27177678767612573,0.04
0.8,0.0,0.3333333333333333,0.0,1.4397834621660782e+21,2,1200,0.18,0.072,0.6488172704479214,0.1358402616976257,0.027999999999999997
1.2,0.0,0.3333333333333333,0.0,1.4579684776573385e+21,2,1200,0.18,0.088,0.6585026640699236,0.08109861399895506,0.036
0.0,0.05,0.3833333333333333,0.0,1.3890846329606352e+21,2,1200,0.072,0.032,1.190853571647537,1.4798159785074776,0.004
0.05,0.05,0.3833333333333333,0.04103773577972829,33850.031296014946,3,1200,0.116,0.04,0.809401772430057,0.7270236749700116,0.008
0.1,0.05,0.3833333333333333,0.044070501827680346,31523.598817436574,3,1200,0.28,0.124,0.7978775641607901,0.5320795286335174,0.032
0.2,0.05,0.3833333333333333,0.044822749582790804,31006.39524696308,3,1200,0.26,0.14,0.6527459429686457,0.40476469640829144,0.044000000000000004
0.4,0.05,0.3833333333333333,0.0450100166348724,30925.438160929905,3,1200,0.32,0.188,0.5082949894570064,0.3659758384262689,0.092
0.8,0.05,0.3833333333333333,0.045056777350729556,31099.895528488058,3,1200,0.284,0.172,0.4271538058230145,0.1499693686832544,0.09999999999999999
1.2,0.05,0.3833333333333333,0.04506543421431986,31498.523384485125,3,1200,0.324,0.132,0.4680390757237881,0.10572719759266089,0.072
0.0,0.1,0.43333333333333335,1.4882539645098845e-13,9093537141901894.0,2,1200,0.116,0.036,0.6637077763882717,0.5323417122228457,0.011999999999999999
0.05,0.1,0.43333333333333335,0.11405273168411355,11866.385927091394,3,1200,0.26,0.108,0.9662487403114491,1.103926256777716,0.011999999999999999
0.1,0.1,0.43333333333333335,0.15511517877292436,8725.949802744062,3,1200,0.372,0.16,1.0231093283646397,0.5929788389055254,0.027999999999999997
0.2,0.1,0.43333333333333335,0.16636264157326178,8139.229449698901,3,1200,0.496,0.28,0.9141391832278856,0.46687901921976277,0.064
0.4,0.1,0.43333333333333335,0.16914867781894033,8018.077074495394,3,1200,0.5,0.304,0.6039065778655819,0.3340399291320721,0.108
0.8,0.1,0.43333333333333335,0.1698420435627751,8040.5517039619335,3,1200,0.548,0.348,0.46916651426849876,0.1273977827545972,0.188
1.2,0.1,0.43333333333333335,0.1699702907651791,8142.027145623972,3,1200,0.552,0.316,0.4830069433306239,0.09406975428922798,0.16
0.0,0.25,0.5833333333333333,0.0,1.261083725035979e+21,2,1200,0.248,0.08,1.104297655646096,1.2848469133920801,0.008
0.05,0.25,0.5833333333333333,0.17347420962154225,7269.837430859622,3,1200,0.44,0.228,0.804694175050356,0.6862560503007794,0.048
0.1,0.25,0.5833333333333333,0.4972604821307704,2536.429550231243,3,1200,0.608,0.364,0.9716948741109375,0.6445533823805536,0.06
0.2,0.25,0.5833333333333333,0.7800018333516423,1617.7088928500518,3,1200,0.796,0.52,0.7449302428473341,0.4981924603287601,0.18
0.4,0.25,0.5833333333333333,0.8666930673157305,1458.475511097446,3,1200,0.808,0.592,0.5876052045161537,0.3363282711579871,0.23199999999999998
0.8,0.25,0.5833333333333333,0.8881326198817387,1434.017474975785,3,1200,0.84,0.584,0.45301525626940975,0.17490006873818134,0.32399999999999995
1.2,0.25,0.5833333333333333,0.8920744404770656,1448.2872219473177,3,1200,0.828,0.608,0.4580464189171336,0.10360890216743704,0.324
0.0,0.5,0.8333333333333333,0.0,1.1452479827597112e+21,2,1200,0.3,0.092,0.7649447436358006,0.575775279535047,0.024
0.05,0.5,0.8333333333333333,0.1580328604364877,7247.193900954364,3,1200,0.44,0.164,0.5889356453913158,0.5440122624195937,0.052000000000000005
0.1,0.5,0.8333333333333333,0.5824291231544966,1966.6518581570904,3,1200,0.712,0.38,0.7025289483900911,0.6128639126004835,0.108
0.2,0.5,0.8333333333333333,1.6151022390594434,709.5523004395212,3,1200,0.9,0.616,0.6647486274994763,0.5368551084409491,0.228
0.4,0.5,0.8333333333333333,2.4187002157331805,474.75479620872255,3,1200,0.968,0.748,0.5291813302018956,0.34016318093545245,0.33999999999999997
0.8,0.5,0.8333333333333333,2.649478594262854,437.0707561906984,3,1200,0.964,0.812,0.4159438347938172,0.1821400372668062,0.524
1.2,0.5,0.8333333333333333,2.6914219238215686,437.1077080469399,3,1200,0.98,0.808,0.37491998162539997,0.11547093386868669,0.536
0.0,1.0,1.3333333333333333,0.0,9.98814056499411e+20,2,1200,0.248,0.104,0.507424965251293,0.47358484451537924,0.048
0.05,1.0,1.3333333333333333,0.12581540373145525,7939.105937434228,3,1200,0.452,0.152,0.5621860269076024,0.5845587361370421,0.072
0.1,1.0,1.3333333333333333,0.49183207776079346,2031.1916799379335,3,1200,0.648,0.344,0.6798879323669671,0.5338790937211981,0.132
0.2,1.0,1.3333333333333333,1.7774998812556322,562.3520095746743,3,1200,0.872,0.56,0.539989310482401,0.46222963042849513,0.24400000000000002
0.4,1.0,1.3333333333333333,4.493027558729049,222.9924193071001,3,1200,0.98,0.792,0.4418297899111412,0.3601932156484506,0.464
0.8,1.0,1.3333333333333333,6.099194005026356,165.87650971646366,3,1200,1.0,0.896,0.3361881986982871,0.20609642553772115,0.7000000000000001
1.2,1.0,1.3333333333333333,6.405750286580643,160.77938105732065,3,1200,0.992,0.924,0.32628851674647286,0.14294369415098068,0.74
0.0,2.0,2.3333333333333335,0.0,8.561858949228895e+20,2,1200,0.3,0.096,0.5610260874772359,0.563697194380769,0.036000000000000004
0.05,2.0,2.3333333333333335,0.09102589757198118,9406.475634167195,3,1200,0.376,0.152,0.6381230138743543,0.513026501268946,0.047999999999999994
0.1,2.0,2.3333333333333335,0.36122456644358164,2370.7522551118477,3,1200,0.58,0.268,0.5724238036078007,0.5057801305627818,0.112
0.2,2.0,2.3333333333333335,1.397217171563638,613.3188136226207,3,1200,0.812,0.504,0.6017967706474034,0.5156788867585632,0.208
0.4,2.0,2.3333333333333335,4.759065346915634,180.54465776626094,3,1200,0.964,0.788,0.45135643306878104,0.3954183500056879,0.468
0.8,2.0,2.3333333333333335,9.532591407511509,91.13135896845198,3,1200,1.0,0.912,0.33171943994970454,0.23871760252181573,0.6920000000000001
1.2,2.0,2.3333333333333335,10.78463726269893,82.1431197863664,3,1200,1.0,0.972,0.29728050926025734,0.17475188049393633,0.8200000000000001
