seed,n,dt,n_train,n_test,fitted_a,fitted_a_plus_b,fitted_b,fitted_sigma2_inf,fitted_beta,test_mean_mae,test_var_mae,mean_w2_persistence,mean_w2_gaussian,mean_w2_jko,n_mean_pairs
0,200,0.05,12,8,0.953225042233465,1.5252550486121808,0.5720300063787157,0.39981346541956153,0.6098175066343178,0.011457222951118715,0.025778553836149645,0.07514435080203392,0.06538035443735637,nan,12
1,200,0.05,12,8,1.1502285303489768,1.5664256601828137,0.41619712983383694,0.4322422145120023,0.6770752962258446,0.01517888137085123,0.013478857173276015,0.07097371302144545,0.059987288664422295,nan,12
2,200,0.05,12,8,0.839024957722403,1.4588696789179072,0.6198447211955042,0.2486607495465468,0.36276362785045685,0.012837399438982704,0.021232595323175313,0.06970958968271349,0.058338870121017954,nan,12
3,200,0.05,12,8,0.9849087007377884,1.662223111173934,0.6773144104361457,0.4342485047770557,0.7218179006331464,0.007016565332173368,0.02375826317235387,0.07117520498740516,0.06130798999366487,nan,12
4,200,0.05,12,8,0.7998421967004149,1.6727572892724536,0.8729150925720387,0.478481118210524,0.8003827782658886,0.010792715574664734,0.020547473787584508,0.07441469864731179,0.0642243423806639,nan,12
5,200,0.05,12,8,0.6929599598520134,1.6441139508983853,0.9511539910463719,0.3390715842579003,0.5574723220316312,0.017028357176406383,0.025868973435048362,0.07330449267786318,0.061826873916028764,nan,12
6,200,0.05,12,8,0.9671923729915222,1.3617359664791773,0.3945435934876551,0.17142258650520034,0.23343230151101935,0.008511742432612941,0.026796641555007383,0.06891131109299012,0.058783026952325686,nan,12
7,200,0.05,12,8,1.1957562930647898,1.3434500196466148,0.147693726581825,0.12779623059753517,0.17168784850702196,0.009397784431656259,0.03431453005309869,0.0667752928115616,0.061870494842588525,nan,12
8,200,0.05,12,8,1.1430805258349541,1.4104188745427553,0.26733834870780115,0.0847124156472014,0.1194799899369239,0.014012211932580891,0.03968383909317174,0.06677021586016932,0.06586260627340523,nan,12
9,200,0.05,12,8,0.9284247112458097,1.4795489088192277,0.551124197573418,0.37006392801106863,0.5475276808821339,0.008725557816916238,0.020377392930154795,0.0721388243070897,0.058862751899585314,nan,12
10,200,0.05,12,8,1.3075405637193505,1.6342195263654993,0.3266789626461488,0.5494120854058867,0.8978599579914894,0.016375129838962783,0.02300204363623709,0.07068730533732696,0.062038047277597645,nan,12
11,200,0.05,12,8,0.8306223992456252,1.6636089277786539,0.8329865285330287,0.5156871919123338,0.8579018164064626,0.011323916091394326,0.014854468644177263,0.07376320370604914,0.06386274083988051,nan,12
12,200,0.05,12,8,0.8166788794293917,1.7793347633924652,0.9626558839630736,0.5462715840557667,0.9720000197638948,0.011570488654279024,0.02169123651791159,0.07051838970524252,0.06178977019140233,nan,12
13,200,0.05,12,8,0.8805116354991599,1.5388296125803014,0.6583179770811415,0.3263479751842274,0.5021939282191105,0.019276171013602246,0.017697175026884192,0.07387586830477891,0.059695738604018195,nan,12
14,200,0.05,12,8,0.8649336061247261,1.7880496262836805,0.9231160201589543,0.592789938056,1.059937827205757,0.00903168065456296,0.03208025833459034,0.06594903722824902,0.058526714562608925,nan,12
15,200,0.05,12,8,0.9376815089847148,1.6471479374017597,0.7094664284170449,0.38970606512855277,0.6419035413694515,0.011753606157024622,0.02012485995608812,0.06893630028044158,0.0603218261420517,nan,12
16,200,0.05,12,8,1.3058509005158119,1.536226221482296,0.23037532096648405,0.2532248627124415,0.38901067403010714,0.013018514786316805,0.029640671533516308,0.05846023850924222,0.05497526057474486,nan,12
17,200,0.05,12,8,0.8356142505261577,1.1270346897428167,0.29142043921665906,-0.34631934682676435,-0.3903139176028373,0.007987923463975186,0.0621768042488363,0.07086948329269101,0.07246413708813318,nan,12
18,200,0.05,12,8,1.1123431571982911,1.3708602643118821,0.258517107113591,0.11575171269529426,0.15867942346002414,0.01811240520542986,0.03335439577312389,0.06991696254897366,0.0627035319162994,nan,12
19,200,0.05,12,8,1.090794020305519,1.3080423958897405,0.2172483755842214,0.12206194104700671,0.15966219381407892,0.011689219672732717,0.03166771162141359,0.07211179778843121,0.06346125565488837,nan,12
20,200,0.05,12,8,1.1190699044896497,1.5114047889944071,0.3923348845047574,0.23527837506661187,0.3556008628224995,0.012212194032246527,0.022280374709297494,0.07091122464641612,0.058723385393977874,nan,12
21,200,0.05,12,8,1.006683833889841,1.3560035813234768,0.3493197474336358,0.3240475388816203,0.4394096232425357,0.016804126971445815,0.018225993660591758,0.07236528015040256,0.0623763036037164,nan,12
22,200,0.05,12,8,0.975816318434884,1.4381927126170508,0.4623763941821668,0.16967500489086462,0.24402535554730395,0.009810415047013361,0.016340819662608655,0.06864171175332906,0.0574630028396769,nan,12
23,200,0.05,12,8,1.103802967139454,1.8125112717715568,0.7087083046321028,0.5406588342483057,0.979950231257924,0.007148402953314911,0.0425684438587043,0.06971109065949702,0.060377677747290144,nan,12
24,200,0.05,12,8,0.8929302932579842,1.5759301585709378,0.6829998653129535,0.38273945895118633,0.603170656236298,0.016241720990985878,0.02238967151458053,0.06838732666027904,0.06140070373298344,nan,12
25,200,0.05,12,8,1.0387077345248765,1.9479231318787145,0.9092153973538379,0.6714187151371053,1.3078720463918525,0.009961409156503613,0.03938008797114892,0.06873065918590676,0.06473511020475067,nan,12
26,200,0.05,12,8,0.8930545789802316,1.5308801302070567,0.6378255512268252,0.38753679823958315,0.5932723841490389,0.012590620202312372,0.022338728609925654,0.07332781922293183,0.06188643978680509,nan,12
27,200,0.05,12,8,0.7888136487308763,1.5320237758930617,0.7432101271621854,0.4793777285699968,0.7344180778028457,0.008203654131959219,0.017965252524019704,0.07114117334795975,0.06111094099033168,nan,12
28,200,0.05,12,8,0.8487238101297385,1.318969870189526,0.47024606005978753,0.19296826789327456,0.25451933125389004,0.009346073523762558,0.018917990895637296,0.06610368321648873,0.05610395365503549,nan,12
29,200,0.05,12,8,1.1543316407084425,1.518215100227343,0.36388345951890044,0.4760510024523361,0.7227478204015005,0.015791734003199227,0.022958874684658598,0.06629616716980927,0.05972457996573784,nan,12
30,200,0.05,12,8,0.9607658314595398,1.4106144350084238,0.449848603548884,0.44492387918682025,0.6276160464608727,0.007836720775894132,0.021020350734876028,0.06914747260506211,0.056245325375237784,nan,12
31,200,0.05,12,8,1.0641920961716094,1.5066697729840943,0.44247767681248495,0.2601745793783442,0.3919971744482021,0.017002808031026585,0.009960166393037588,0.06617144344718923,0.0536759176058345,nan,12
32,200,0.05,12,8,1.0034799606766587,1.4538600448211492,0.4503800841444905,0.2130874220054753,0.3097992889077035,0.011014858096045375,0.016691654267051104,0.06703735715842254,0.05689470790796368,nan,12
33,200,0.05,12,8,0.9006439104387184,1.1761013111692298,0.2754574007305114,-0.05408376407504211,-0.06360798584162432,0.011713735361681799,0.033943955501584466,0.06918051573732073,0.05839500854620737,nan,12
34,200,0.05,12,8,1.3272653028842962,1.6008879378647778,0.27362263498048156,0.3910608340668729,0.6260445722289962,0.00933726241507149,0.014329556573827854,0.0677685530499154,0.057708013101697514,nan,12
35,200,0.05,12,8,1.079364394212943,1.4531747138523872,0.3738103196394442,0.40471196743474064,0.5881171974696159,0.011971350561108512,0.03303059508102547,0.07661087765493986,0.06615781678479254,nan,12
36,200,0.05,12,8,1.3122117036591914,1.4200798482893489,0.10786814463015748,0.2784412367019704,0.3954087891732328,0.015021001830274543,0.012762695188218078,0.06828909607356487,0.05615183059123498,nan,12
37,200,0.05,12,8,1.4445460080067467,1.4883078547082584,0.04376184670151173,0.3145885499123421,0.46820460983581974,0.014025791122449224,0.017183831244955733,0.07096000416370501,0.05976952744681761,nan,12
38,200,0.05,12,8,0.9436354341613629,1.5157854756140658,0.572150041452703,0.4610651901842363,0.6988759185925023,0.012392185547998133,0.01690270968047408,0.07735281739661268,0.06591052347716703,nan,12
39,200,0.05,12,8,1.111271846539394,1.1325097934300024,0.021237946890608317,-0.14794093011555173,-0.16754455220500591,0.007937596405454848,0.04818610375246721,0.06639611204773227,0.06503858380951184,nan,12
0,200,0.2,12,8,1.1177893687194416,1.6200690847175747,0.5022797159981331,0.37163512918435976,0.6020745835866034,0.020392834748158156,0.015699097764936575,0.07482561924959434,0.06971980230335419,nan,12
1,200,0.2,12,8,1.1251061899425927,1.640819845096294,0.5157136551537014,0.3931087197806845,0.6450205886965452,0.027486924285954235,0.037443329794336316,0.07937677669479376,0.0776274416457001,nan,12
2,200,0.2,12,8,1.0114022284009168,1.5311864280685954,0.5197841996676786,0.32328139814672496,0.4950040892893052,0.02638436421142149,0.02291222448521882,0.07228546540576958,0.07161160869014163,nan,12
3,200,0.2,12,8,0.9548359447896377,1.6767853183065622,0.7219493735169245,0.34951300517894324,0.5860582756412575,0.013072733501315076,0.030071586879459523,0.06584506092745203,0.06746829065048271,nan,12
4,200,0.2,12,8,0.92411382515806,1.5711348026534546,0.6470209774953947,0.3196549159532469,0.5022209632934113,0.02102313854763038,0.03353911578286425,0.07482532398888705,0.07091804566905963,nan,12
5,200,0.2,12,8,0.7831273181638567,1.6673896055242647,0.884262287360408,0.36737763260688966,0.6125616459108401,0.03035694480865923,0.03127304997712315,0.08647706134198553,0.0823267915581728,nan,12
6,200,0.2,12,8,0.9429595397751517,1.4654263798125924,0.5224668400374407,0.3207925364713501,0.4700978453921096,0.016880805611252183,0.020266649810518865,0.06369998085715152,0.06270570412247503,nan,12
7,200,0.2,12,8,1.2457142203994143,1.4795231720092406,0.2338089516098263,0.3241258119834637,0.4795516494758449,0.017881691217883425,0.03644416394864503,0.0701060264116795,0.06921975398813184,nan,10
8,200,0.2,12,8,1.1764743723200743,1.5618953169809773,0.38542094466090293,0.33294959641803923,0.5200324154360418,0.026100036262412765,0.02800996336701661,0.0799457227334487,0.07791884706459506,nan,11
9,200,0.2,12,8,0.9703609977251896,1.5520403760141515,0.5816793782889619,0.36455175129409945,0.5657990371551115,0.015477054521799632,0.031204095297497965,0.07701633709775117,0.07541646488628818,nan,12
10,200,0.2,12,8,1.2852918725328493,1.5747055769206701,0.2894137043878209,0.3828172949695069,0.6028245293301677,0.029142137527544545,0.028822383050905252,0.07861643613967476,0.07405725694878165,nan,11
11,200,0.2,12,8,0.9126459765908399,1.7023355595915992,0.7896895830007593,0.3992287527121218,0.6796213021532461,0.017600349348743674,0.02057212002302245,0.08176560646013756,0.07929642014441197,nan,12
12,200,0.2,12,8,0.9043387609962079,1.6629304741021629,0.758591713105955,0.34505424979299076,0.5738012271992242,0.02183310016305675,0.01664205173019765,0.07842719276716964,0.07612010197698396,nan,12
13,200,0.2,12,8,0.9320978276787462,1.5160754394781628,0.5839776117994167,0.31756109800320415,0.4814465812163757,0.03603239935361338,0.028158086515941816,0.07766433647375465,0.072976861188527,nan,12
14,200,0.2,12,8,0.9554135584130209,1.7105623675126027,0.7551488090995818,0.35354994925625954,0.6047692382337478,0.019439202688063702,0.0328241057878404,0.06517151158450907,0.06386828885591177,nan,12
15,200,0.2,12,8,0.9602514576561395,1.6910590320927015,0.730807574436562,0.3531353122936474,0.5971726594050493,0.02173080409057495,0.01963896798240984,0.07174462888348436,0.07255572231597371,nan,12
16,200,0.2,12,8,1.2236292874225603,1.5683294656134208,0.3447001781908605,0.2772214319477734,0.4347745402232387,0.01779152602432945,0.04428285178236032,0.07377363429240633,0.07891619194844116,nan,11
17,200,0.2,12,8,0.872719913518918,1.3624330023996127,0.48971308888069476,0.2923337561499725,0.39828515709416323,0.014344174489068155,0.027391298688874,0.06957738273879437,0.06732822327457656,nan,12
18,200,0.2,12,8,1.1367958484565817,1.4125868807599702,0.27579103230338853,0.290138660591465,0.4098460655527732,0.03381332864180127,0.024296527909695234,0.07469174359188083,0.07280413786784025,nan,11
19,200,0.2,12,8,1.1404718533714577,1.4513012326118424,0.3108293792403847,0.3268196823195192,0.47431380779212895,0.021365083722839667,0.023159255124590668,0.07084026687655777,0.06859768694368869,nan,12
20,200,0.2,12,8,1.3336676756091066,1.6461975419984392,0.31252986638933256,0.35736596791028774,0.5882949779678087,0.024779210872015,0.015620427514717289,0.0681912890595206,0.06612179963936575,nan,12
21,200,0.2,12,8,0.8897212003999014,1.4458148011451946,0.5560936007452931,0.35676575952925516,0.5158172156692044,0.031568074088347706,0.019784469420451596,0.0769697949563356,0.07365850192165725,nan,11
22,200,0.2,12,8,1.0150823992287805,1.5438769757089743,0.5287945764801938,0.3037682468374978,0.4689808022438933,0.01951791138974149,0.02804050177063716,0.066493400834785,0.06589211709333401,nan,12
23,200,0.2,12,8,1.012091295163328,1.6928027666239738,0.6807114714606457,0.3410239238334334,0.5772862417501994,0.01267946695101471,0.020490029509183133,0.06734783675510893,0.0662025608478562,nan,10
24,200,0.2,12,8,0.8592124758398206,1.6138081993592874,0.7545957235194668,0.3545727473923846,0.5722124070111797,0.030426052189084854,0.035197196765765104,0.08470104236859569,0.08190012012853101,nan,12
25,200,0.2,12,8,0.8796696280588209,1.7767267053984188,0.8970570773395979,0.38147830649951103,0.6777826946878445,0.01869531349650388,0.02403056541592003,0.06940502653601076,0.06938844145978587,nan,11
26,200,0.2,12,8,0.9317640998306517,1.5585588877449135,0.6267947879142618,0.3478059771447622,0.5420760968897733,0.022759594130255557,0.023174993096977847,0.07671448840601769,0.07397853699985202,nan,12
27,200,0.2,12,8,0.8273298285962795,1.5696071524473445,0.742277323851065,0.36618158236726356,0.5747612307781433,0.014181857771586957,0.023789337863747616,0.0702030591887581,0.06664960470243607,nan,12
28,200,0.2,12,8,0.9022352437026429,1.4303213375541384,0.5280860938514955,0.3131143801593115,0.44785417903690133,0.018267222161878188,0.03122826280774841,0.08051450820768885,0.07935498794548848,nan,12
29,200,0.2,12,8,1.1758516842149238,1.5030699810587194,0.32721829684379555,0.368952367194464,0.5545612275705527,0.02717353122835093,0.025943585840784406,0.07272482583759166,0.07487455583629238,nan,10
30,200,0.2,12,8,1.010204719256865,1.4677722658676295,0.4575675466107645,0.3633710764342131,0.5333459882086046,0.01526625718048877,0.023436307253593497,0.07615645829536388,0.07473922759752716,nan,12
31,200,0.2,12,8,1.0417276964647852,1.6214540174773413,0.5797263210125561,0.35708080276093623,0.5789901022007542,0.03070371781647902,0.03858961310534318,0.07702689879965682,0.07700542681987121,nan,10
32,200,0.2,12,8,1.063191857356175,1.528133422296359,0.464941564940184,0.326819514894361,0.49942382376875577,0.021332763928198283,0.020710719231423626,0.08271692427689523,0.08270742008422967,nan,12
33,200,0.2,12,8,0.9126283310063916,1.4387191725678332,0.5260908415614416,0.343124038606409,0.493659132911946,0.021530251456179754,0.017337962983967274,0.06555103249486785,0.06463550781103838,nan,12
34,200,0.2,12,8,1.2639186937856357,1.6379574886930326,0.3740387949073969,0.357706725023676,0.5859084090083895,0.02025645380845483,0.02319821055153584,0.06743437293047505,0.06561067842195786,nan,10
35,200,0.2,12,8,1.0103858304513975,1.5214800361322574,0.5110942056808598,0.37548004079663627,0.5712853860382077,0.019441325499570943,0.03250226419044704,0.07408827745980402,0.08015458663729447,nan,10
36,200,0.2,12,8,1.2581843381183058,1.5394803237401349,0.2812959856218291,0.3468580736304992,0.5339811794845605,0.025013746253003073,0.01985525943264818,0.07237715071826742,0.07343166824095246,nan,11
37,200,0.2,12,8,1.3375265412488309,1.4499856023570852,0.11245906110825432,0.33395357354363614,0.4842278734939704,0.0229314863802892,0.016222072645796365,0.08455676186314692,0.08230017757466748,nan,11
38,200,0.2,12,8,0.9983257492892106,1.6011502760394596,0.602824526750249,0.38830887218278703,0.6217408578840407,0.02405285598701145,0.027368543081633626,0.07909109449191826,0.07763483114860892,nan,12
39,200,0.2,12,8,1.032837071255904,1.384505748108894,0.35166867685298997,0.32485103941640114,0.4497581313511563,0.013360450785491359,0.035719418461509424,0.06714358081701019,0.06890507934258472,nan,11
0,800,0.05,12,8,0.9483752877799515,1.4248933460162565,0.476518058236305,0.2255058695959076,0.3213218130748184,0.006167846782011169,0.016065825896714972,0.0504959955264089,0.03242405254004123,nan,12
1,800,0.05,12,8,1.1377347173087204,1.5871824047171361,0.4494476874084157,0.4140670743993709,0.6571999748593829,0.006319525382337085,0.015515346360574,0.0522806095416763,0.035383449615055004,nan,12
2,800,0.05,12,8,0.919118043672251,1.673790857381698,0.7546728137094469,0.4586935782313399,0.7677571175833133,0.0070946102333174985,0.012796361719996624,0.051168783107168825,0.03454650552303232,nan,12
3,800,0.05,12,8,0.9452210927985583,1.2981975514840716,0.3529764586855133,0.08988940354137473,0.1166942035817763,0.007122331792485011,0.019169856744612426,0.05175623431418723,0.03751117789457538,nan,12
4,800,0.05,12,8,0.9584419260429289,1.4086246804458051,0.45018275440287625,0.19968687080290498,0.2812838545739648,0.0065066388364462685,0.0128958146027073,0.048477902006791605,0.033911370357581766,nan,12
5,800,0.05,12,8,0.873416443661764,1.5991809354415978,0.7257644917798338,0.3499056650254233,0.5595624687116708,0.006607152713916764,0.012580635108541079,0.051293207815553264,0.03387725906625105,nan,12
6,800,0.05,12,8,1.0031135341537465,1.329170060344778,0.32605652619103154,0.1265972879831287,0.1682693249080204,0.004124151270709107,0.0195952651732837,0.05006738630802503,0.035732267482694514,nan,12
7,800,0.05,12,8,1.0808390361993083,1.5261946285250312,0.44535559232572286,0.3753006917562642,0.5727818998401388,0.006475677829886145,0.011329808394247423,0.047519146492273776,0.03240581086660366,nan,12
8,800,0.05,12,8,0.9774108396798928,1.4978955286182174,0.5204846889383246,0.2753848618097161,0.41249775315391946,0.007172265773197517,0.011543503516763934,0.047244253047220755,0.032810043865849535,nan,12
9,800,0.05,12,8,0.9209810488998608,1.3925061179118272,0.47152506901196645,0.28174604846465917,0.39233309618452006,0.004746348840320817,0.009384180152179178,0.05151644111372428,0.03174360847252118,nan,12
10,800,0.05,12,8,1.0498056296561349,1.4053060522470397,0.35550042259090486,0.18235194499000718,0.2562602919334763,0.00453796183299085,0.021182660796007904,0.04664739448396442,0.03351037885019746,nan,12
11,800,0.05,12,8,0.9894726551994599,1.5830286264981832,0.5935559712987233,0.43186999725182945,0.6836625685753377,0.007755993205720166,0.019388207251097425,0.05275806457471024,0.03603299728533149,nan,12
12,800,0.05,12,8,0.8869923164493377,1.5438656405666256,0.6568733241172878,0.39214014946864656,0.6054117030513043,0.006534610655071743,0.013408222158353973,0.052687486528875824,0.03496205344976887,nan,12
13,800,0.05,12,8,1.0397586383867783,1.435269280062436,0.39551064167565775,0.2605953344534995,0.374024478068704,0.006563177744927026,0.014194378075307712,0.04889246459109063,0.032749997600757606,nan,12
14,800,0.05,12,8,0.9826025744457995,1.5203385286515048,0.5377359542057053,0.3788744268083607,0.5760173885975053,0.007135879889119706,0.007953357580310086,0.04986815010120052,0.033953694712225986,nan,12
15,800,0.05,12,8,0.909951611551116,1.5730293361963712,0.6630777246452552,0.3385950146341977,0.5326198911094326,0.0036407236917437302,0.011335683282735418,0.04985378509580016,0.03364953694318898,nan,12
16,800,0.05,12,8,1.00414879824126,1.5198997601512525,0.5157509619099925,0.33687465970896796,0.5120157144926952,0.007868121187151828,0.006158557791133015,0.05040182308624254,0.033145354650525316,nan,12
17,800,0.05,12,8,1.0402897911887787,1.4380348109165477,0.397745019727769,0.2780773137140164,0.3998848572469171,0.0056731227234686835,0.010345660754999306,0.04947405749520486,0.034671807948770325,nan,12
18,800,0.05,12,8,1.139701847010575,1.4654829305160813,0.32578108350550616,0.35437023424942043,0.5193235293755109,0.008871626398884051,0.010072942271645069,0.04715021479891126,0.033754314258939634,nan,12
19,800,0.05,12,8,1.0207044682276638,1.4886677145230023,0.4679632462953385,0.28596355728120587,0.4257047152546804,0.008085843000152658,0.009846379536542077,0.050539966051204206,0.033290069360162926,nan,12
20,800,0.05,12,8,1.0666180982020896,1.3980709622450964,0.3314528640430068,0.229578205471312,0.3209666226337796,0.00623786972294163,0.01174378659203909,0.05423110164309085,0.03665846660184477,nan,12
21,800,0.05,12,8,0.9977894637454118,1.521678395169957,0.5238889314245453,0.34856699283730647,0.5304068622698904,0.007982415420263324,0.012367418989181311,0.05300407611236362,0.03643760533573811,nan,12
22,800,0.05,12,8,0.8960220311161151,1.5017266403229983,0.6057046092068832,0.35680557911528105,0.5358244435732927,0.007059883122249998,0.011370155475348642,0.047398647800672114,0.03216738291578246,nan,12
23,800,0.05,12,8,1.1376519759487742,1.46080487629956,0.3231529003507858,0.20566008793596774,0.300429259317058,0.005304268106251973,0.02225459476860482,0.046745494771385135,0.035962904594632986,nan,12
24,800,0.05,12,8,1.037517429136252,1.6159719463810875,0.5784545172448357,0.463353940192713,0.7487669685965644,0.0044420931590251,0.01199168141186048,0.04920116057450234,0.03448261908016686,nan,12
25,800,0.05,12,8,0.991481030786438,1.5055448781525276,0.5140638473660896,0.2889459126157852,0.43502103880180326,0.008001421168113428,0.017520694787300256,0.04712174543758664,0.03407860535528214,nan,12
26,800,0.05,12,8,1.0068657380839157,1.5273102804449181,0.5204445423610025,0.4190414971325657,0.6400063865035973,0.005447871288011108,0.006927745350980341,0.04898762770764973,0.03235095433675799,nan,12
27,800,0.05,12,8,0.9334754801372569,1.5715933466030396,0.6381178664657827,0.3512242274824083,0.5519816590771454,0.0064888930925153104,0.008187255750502075,0.04849755012009944,0.030910640298044786,nan,12
28,800,0.05,12,8,0.97914244168435,1.7549298685340475,0.7757874268496975,0.49897195726579696,0.8756607913666414,0.00833817532903857,0.023392556868942607,0.047989214543306374,0.03445636132330542,nan,12
29,800,0.05,12,8,0.8713097561107821,1.4371872565700228,0.5658775004592407,0.2159412838547432,0.3103480613234069,0.00653900055275361,0.01800106443590435,0.050843502726022435,0.03730538831486189,nan,12
30,800,0.05,12,8,0.9354459875476031,1.5677983369063055,0.6323523493587024,0.42969267715573845,0.6736714646255848,0.008535852819449206,0.0159857817415804,0.051122057275484384,0.033805658631211905,nan,12
31,800,0.05,12,8,1.029107161112332,1.5017984146116954,0.4726912534993635,0.35460853620420113,0.5325505374792432,0.008180231692965445,0.004616907292728456,0.05314018996797221,0.035602373642415586,nan,12
32,800,0.05,12,8,0.972702426755677,1.405444138274006,0.43274171151832896,0.3169522710992288,0.44545871152904476,0.006135767028482071,0.008762328810161035,0.053626515768524854,0.03517253759040262,nan,12
33,800,0.05,12,8,0.8958046267436098,1.5124416272697196,0.6166370005261098,0.35242062713382827,0.5330156267857024,0.006367227518130146,0.014716844973818338,0.05058559007807944,0.03440866733645928,nan,12
34,800,0.05,12,8,1.2170507603380503,1.4719273415553302,0.25487658121727996,0.364445704078601,0.5364375963456758,0.005308730509201047,0.00665603591664711,0.04836503252298499,0.031939429611908904,nan,12
35,800,0.05,12,8,0.9346490418924333,1.5679802165427417,0.6333311746503084,0.32743189841191633,0.5134067389749175,0.004070342065977596,0.013246571271173194,0.0506126829651762,0.03407763677728472,nan,12
36,800,0.05,12,8,1.0526352038067381,1.544808880260325,0.4921736764535869,0.3758952462757087,0.5806863144943567,0.005664047596564137,0.007941506316379673,0.04710376938040248,0.030973127575843112,nan,12
37,800,0.05,12,8,1.0906737790534855,1.5836405174910442,0.49296673843755867,0.44857834843891126,0.7103868478570754,0.007910001405184088,0.016050829102442613,0.050877661869521126,0.03535484578960918,nan,12
38,800,0.05,12,8,1.0123099984219137,1.6384114816073228,0.626101483185409,0.49379314481884806,0.8090363580101881,0.00797997570580676,0.018352090263370188,0.05506151246788732,0.04074539705833538,nan,12
39,800,0.05,12,8,1.0521828761766112,1.602633649361211,0.5504507731845998,0.40461140712827104,0.6484438559791558,0.005375144018959881,0.014440277690858927,0.04995212611372398,0.03495431814959881,nan,12
0,800,0.2,12,8,0.9848557078104623,1.4957482336847623,0.5108925258743,0.3466930333570993,0.5185654922746936,0.012465120519648827,0.015885001355017865,0.04297789566166742,0.0394116264098457,nan,12
1,800,0.2,12,8,1.0957997918998335,1.5822045048789761,0.4864047129791427,0.3510303617068029,0.5554018196418,0.011952352794489344,0.010087174842668412,0.04187573351627543,0.04080988651704237,nan,11
2,800,0.2,12,8,0.934229064875555,1.6261152079088341,0.6918861430332791,0.3419773448367926,0.556094561199392,0.010530173729976621,0.008675007974107543,0.03962915562307737,0.038437830166403064,nan,12
3,800,0.2,12,8,0.9975121230081038,1.428734584951385,0.4312224619432813,0.3132809774275016,0.4475953672580457,0.014035177115156859,0.009269297985593977,0.041059890299934815,0.041036183485764,nan,12
4,800,0.2,12,8,0.9551507942077159,1.546486087086859,0.5913352928791432,0.35562852911320214,0.5499745724447311,0.011733618617993623,0.013217504841419668,0.041161306280317986,0.04128257603962646,nan,12
5,800,0.2,12,8,0.8891183200873288,1.5843190870993242,0.6952007670119954,0.3372866101051015,0.5343696142125401,0.011722881937038146,0.018760128039977716,0.0414450734647889,0.03782977942267741,nan,12
6,800,0.2,12,8,1.0129175862492938,1.471867281920394,0.4589496956711001,0.33536445794411224,0.49361197316690675,0.007944571908643052,0.009069511050254886,0.03645468317826023,0.03465872467488532,nan,12
7,800,0.2,12,8,1.0658426629211768,1.5679387555948112,0.5020960926736344,0.3492090238159284,0.5475383622444255,0.012002708525678842,0.01065243953233181,0.03617926998437528,0.035657155966819454,nan,11
8,800,0.2,12,8,1.0201335813393313,1.527980066767433,0.5078464854281017,0.3290445663183749,0.5027735384126115,0.013340443979747912,0.017133691727079486,0.04312419988470722,0.04177386984274619,nan,12
9,800,0.2,12,8,0.985792470312107,1.494015769910463,0.508223299598356,0.3586927671830594,0.535892650724313,0.008656288764996172,0.014197752892343478,0.03769276635121259,0.03581802762865277,nan,12
10,800,0.2,12,8,1.093745246042203,1.5599642860734149,0.46621904003121184,0.35905975653678646,0.5601203967636023,0.008442057410422497,0.016857651729220734,0.043413669168530185,0.04160016087377412,nan,12
11,800,0.2,12,8,0.9815098568342474,1.548760199035443,0.5672503422011955,0.33784886681130816,0.5232468782065804,0.014757024810447442,0.00898431553880192,0.040769488076221175,0.03845533120060553,nan,12
12,800,0.2,12,8,0.9254980304244255,1.5763733359751868,0.6508753055507613,0.3537853419349228,0.5576977796850764,0.012744207686838576,0.017570555700693664,0.03936646190066641,0.03933370577411653,nan,12
13,800,0.2,12,8,1.0215083265119966,1.5614500193411063,0.5399416928291096,0.35951398069414797,0.5613631121082755,0.012218248757450343,0.014013379916812861,0.03564286513437673,0.03668232428042294,nan,12
14,800,0.2,12,8,0.9577217860730448,1.5421662258364532,0.5844444397634084,0.35520577706445,0.5477863526107875,0.013149407035069314,0.01077872794972793,0.040063001974744314,0.03845973067280435,nan,12
15,800,0.2,12,8,0.9525322039366954,1.565101695089906,0.6125694911532106,0.34450356272968563,0.5391831099927428,0.0077946479655593955,0.011838826724896993,0.041605843959169546,0.0397658285291672,nan,12
16,800,0.2,12,8,1.0615614737582892,1.5660133177278375,0.5044518439695482,0.3405745875585209,0.5333443397963091,0.01496123262034104,0.009962998879731233,0.044893101009096936,0.04152682277483774,nan,12
17,800,0.2,12,8,1.0100363148063267,1.522724569612663,0.5126882548063363,0.3489898960700423,0.5314154892924232,0.01108099400948831,0.016016774861028073,0.039565724816755674,0.038798800062270884,nan,12
18,800,0.2,12,8,1.0985990921909363,1.5015272538419229,0.40292816165098655,0.34672603394846135,0.5206185895901345,0.014087665370318104,0.017772440787922818,0.04680357248364318,0.046290429369581734,nan,10
19,800,0.2,12,8,1.0441489449227244,1.5392615369114373,0.49511259198871294,0.33164698278135474,0.510491444428069,0.015354092395821408,0.010315882713558357,0.040758314984743374,0.03951379796582416,nan,12
20,800,0.2,12,8,1.1100416300123264,1.4709990838612286,0.3609574538489022,0.33230093667585514,0.48881437341641104,0.0117294409629391,0.012110430513207648,0.0414285071241232,0.038977999405878816,nan,12
21,800,0.2,12,8,1.0327327670278352,1.5366061152320925,0.5038733482042572,0.33950956873852745,0.5216924795034317,0.015240095943322502,0.010592750451580826,0.04234249668056085,0.04063708995502216,nan,12
22,800,0.2,12,8,0.9342207391724207,1.5182014684384142,0.5839807292659935,0.3292276549563563,0.4998339092052757,0.01492736745496707,0.012959855250881613,0.041871912470761365,0.04133776408735562,nan,12
23,800,0.2,12,8,1.1196959680988692,1.5405411387316144,0.4208451706327452,0.3258757709665324,0.5020250312898246,0.011341213238090328,0.010658854784331796,0.04056613915244764,0.03929889253938858,nan,12
24,800,0.2,12,8,1.0248075101548022,1.5973885075542618,0.5725809973994596,0.35139711237909727,0.5613177089021234,0.008102601598871021,0.010431714447027465,0.03734042015608071,0.03661732342497896,nan,12
25,800,0.2,12,8,1.0221225262712617,1.5762566789474666,0.5541341526762049,0.33545422637913014,0.5287619648112593,0.015247832563915847,0.016911108578743256,0.04067736149905286,0.03945377210289143,nan,12
26,800,0.2,12,8,1.0068536714063048,1.5477770155428845,0.5409233441365797,0.35428943198489227,0.5483610396759603,0.010488335160986281,0.014051220021972427,0.04165573866109145,0.040139205272743825,nan,12
27,800,0.2,12,8,0.9493245159378507,1.602842328411151,0.6535178124733003,0.35738358237412193,0.572829533308456,0.01247525825182224,0.012564856838248456,0.03616434195196571,0.03642470210628845,nan,12
28,800,0.2,12,8,0.9528267472212482,1.7070965171559696,0.7542697699347214,0.3476932311893314,0.5935459040020129,0.015688613583014696,0.010842713205006578,0.040567803095719196,0.03972307064259965,nan,12
29,800,0.2,12,8,0.9743159508070846,1.5261871603651602,0.5518712095580757,0.3284937943463598,0.5013430111910477,0.010998650971435868,0.01917325971143804,0.04145704057556106,0.03967045451379485,nan,12
30,800,0.2,12,8,0.9758090792351499,1.60180585115888,0.62599677192373,0.3619275346759578,0.5797376427394576,0.015532670064319182,0.013962126956811025,0.04194937837678691,0.04023875713549244,nan,12
31,800,0.2,12,8,1.0614596639882368,1.5146469695677574,0.4531873055795206,0.3291845555393655,0.49859838947620905,0.015878758186996467,0.013925571661110484,0.04063615895685674,0.04078275947503987,nan,12
32,800,0.2,12,8,0.9813643046224743,1.5033661631517548,0.5220018585292805,0.3578692930637087,0.5380085860230186,0.011468647630289684,0.015578507747199606,0.04324832661981694,0.0406591127637697,nan,12
33,800,0.2,12,8,0.9571944644083187,1.5527453855084632,0.5955509211001445,0.35280566738298447,0.5478173720101629,0.011798393215356265,0.014366789723721456,0.042808453283038124,0.039035216177865775,nan,12
34,800,0.2,12,8,1.1837648814363184,1.5507143220973258,0.36694944066100743,0.3580403137016857,0.5552182423454235,0.008978118629710347,0.011506460047621882,0.040283521535089246,0.039932043352101626,nan,11
35,800,0.2,12,8,1.0026098370321157,1.6048190057416123,0.6022091687094966,0.3458310097823192,0.5549961772734793,0.0076504680329743426,0.010013557177421015,0.03907291690662956,0.03674138404202948,nan,12
36,800,0.2,12,8,1.1248827530372967,1.5817800654143073,0.4568973123770106,0.3489400110789927,0.5519463535501982,0.010599670158421087,0.010053199805501768,0.03765458300210135,0.03626979368760905,nan,12
37,800,0.2,12,8,1.1385492426878754,1.5839190472579494,0.445369804570074,0.3627072040676407,0.574498849100412,0.014390168803395944,0.014970090771450797,0.043872358228429414,0.042847832283106645,nan,12
38,800,0.2,12,8,1.025354758847347,1.6243785348843442,0.5990237760369972,0.37659599721237064,0.6117344541951392,0.01520573502553712,0.01748119391173232,0.04649017383881764,0.044751271997245906,nan,12
39,800,0.2,12,8,1.074543171996154,1.5444442185814826,0.4699010465853286,0.3346437338107508,0.5168385799685347,0.00962732327240622,0.013568022019459648,0.0391431752201769,0.038686286923909255,nan,12
0,1600,0.05,12,8,1.00678702529074,1.4779099662889865,0.4711229409982465,0.31923482260736175,0.4718003259179166,0.004412816155501938,0.007823031452638712,0.04529358264887767,0.025852352815612916,nan,12
1,1600,0.05,12,8,1.0785547375777038,1.4823164542452545,0.4037617166675507,0.26796699918335287,0.39721189208420865,0.004371686556309665,0.013869787601948583,0.04215208664933317,0.027543098125103832,nan,12
2,1600,0.05,12,8,0.9850769002759465,1.5061798221354716,0.5211029218595251,0.3262663650390251,0.4914158156632657,0.003087615395009659,0.0038503288511709532,0.044892101441257035,0.025148817243994346,nan,12
3,1600,0.05,12,8,0.9839572044298391,1.5123535769661005,0.5283963725362614,0.36411725012213547,0.5506740256572719,0.004091522596871976,0.006485967152197361,0.045395898215419894,0.026094944793929042,nan,12
4,1600,0.05,12,8,0.964180045418693,1.4484408099941661,0.4842607645754732,0.3025135469719933,0.43817296701032216,0.003957100363830485,0.008242476130979198,0.04594572778507504,0.02728918075071404,nan,12
5,1600,0.05,12,8,0.9697433010245013,1.5083438559224156,0.5386005548979143,0.291702584810185,0.43998780155512995,0.003837058182395263,0.009950209875234345,0.04356910248992642,0.02816820644921648,nan,12
6,1600,0.05,12,8,1.0180905938907454,1.5413786873738458,0.5232880934831003,0.37683139938020893,0.5808398877379158,0.004175003845604416,0.008011379262809384,0.04443909570913717,0.024260767828190692,nan,12
7,1600,0.05,12,8,1.0135118508521597,1.4379152984213084,0.4244034475691487,0.2565878839346346,0.36895164369916217,0.0040686786766024954,0.011833180611517904,0.04357501213165372,0.026267491645499026,nan,12
8,1600,0.05,12,8,0.9646545620799514,1.4666869288621054,0.502032366782154,0.3017277514267949,0.44254014909263456,0.0033845569079795357,0.006487662174935113,0.04518359657386825,0.025253415554333657,nan,12
9,1600,0.05,12,8,0.9519394880680778,1.522351192275266,0.5704117042071881,0.3240651978357288,0.49334104030014164,0.0034898243483718686,0.004899580303386053,0.04475955308410741,0.025709426782439038,nan,12
10,1600,0.05,12,8,1.039273657023204,1.609083123299229,0.5698094662760251,0.44714338880024757,0.7194908806133039,0.004728432830468372,0.00923156342217031,0.043118530556001025,0.026513820743916828,nan,12
11,1600,0.05,12,8,1.0395483541103774,1.5856083008997157,0.5460599467893383,0.40116132236874674,0.6360847227477916,0.004887959000704656,0.009804554964772866,0.044677337056133914,0.02613604214951873,nan,12
12,1600,0.05,12,8,0.9735946127778139,1.507656746779154,0.5340621340013401,0.3453530772068134,0.5206738968717943,0.005529277911863993,0.011006744316001876,0.045877522536769307,0.026743928438993175,nan,12
13,1600,0.05,12,8,1.0141156212028937,1.5303653995503785,0.5162497783474849,0.36193224454563605,0.5538885840342477,0.005145935673669229,0.005211119656137089,0.044658247671966314,0.02641747658838761,nan,12
14,1600,0.05,12,8,0.969340680146152,1.5506496617385495,0.5813089815923974,0.3663485860101173,0.5680783109749843,0.00433708193745639,0.008768011306511628,0.045541044414424026,0.02612983944580304,nan,12
15,1600,0.05,12,8,0.9278918565730889,1.4839131453914305,0.5560212888183416,0.2667294720806821,0.3958033698838407,0.00256908946462564,0.014942888096122403,0.04190457333418275,0.027783021752700074,nan,12
16,1600,0.05,12,8,1.0276680072153983,1.61360241542881,0.5859344082134117,0.4095913720334129,0.6609176272519154,0.004807988190233425,0.0066957937989587935,0.043634767672269474,0.02683547755817849,nan,12
17,1600,0.05,12,8,1.0449031026949294,1.3867999413059047,0.3418968386109753,0.17620721523652513,0.24436415574768997,0.005644706211419298,0.016370132968964238,0.04288028479498014,0.028644491611050163,nan,12
18,1600,0.05,12,8,1.018022825427341,1.5483459293531368,0.5303231039257958,0.3697195498561847,0.5724537600220977,0.004278111822084207,0.005630285399457577,0.042744322120903414,0.026719550220152405,nan,12
19,1600,0.05,12,8,1.016693082944297,1.5683860937616168,0.5516930108173197,0.3410124102220642,0.5348391219924172,0.003707314100435871,0.006821312343571216,0.04471303661417829,0.02642337395494347,nan,12
20,1600,0.05,12,8,1.048372565950092,1.4647116475924555,0.41633908164236355,0.2849096468638315,0.41731047827290735,0.005740593603421294,0.011039104394880456,0.04288705974776785,0.026360285725436396,nan,12
21,1600,0.05,12,8,1.0271105316434554,1.5273794144041744,0.5002688827607189,0.3082332262415897,0.4707890845967887,0.003945499949934324,0.006959286120478796,0.04332435797914358,0.025031946361687797,nan,12
22,1600,0.05,12,8,0.9236365185770091,1.5232829432916766,0.5996464247146674,0.3306759012839047,0.5037129601833743,0.005570159844201346,0.006459123469538822,0.04368412841182242,0.024712732917664675,nan,12
23,1600,0.05,12,8,1.106238008650991,1.5110209800994756,0.4047829714484845,0.4104993771083759,0.6202731711285224,0.005323913281519668,0.014061181714086893,0.04804500630652273,0.02863702557927835,nan,12
24,1600,0.05,12,8,1.0219885163060507,1.5287599921990365,0.5067714758929858,0.3095509711113668,0.4732291401814173,0.0035448321214332015,0.005342598436100146,0.04489742267381145,0.026926035743506355,nan,12
25,1600,0.05,12,8,0.9883108360559174,1.628312521829282,0.6400016857733646,0.4204947620541134,0.6846968864163373,0.004820174148667311,0.013355802287697158,0.046686718455984794,0.028811353471670388,nan,12
26,1600,0.05,12,8,1.0005265074752678,1.5074082313962758,0.5068817239210079,0.3536177910211819,0.5330463689534977,0.0030542440931461343,0.005603925443567498,0.04351596797976817,0.025427600321659746,nan,12
27,1600,0.05,12,8,0.9907127053974993,1.4268376213765028,0.4361249159790035,0.2517821188019307,0.35925219949648285,0.003933578686425354,0.01073400873333831,0.04344028707328039,0.025977139184714927,nan,12
28,1600,0.05,12,8,0.975808230610097,1.4548513125542535,0.47904308194415646,0.25030714279241273,0.3641596752332466,0.003313518988822352,0.01376281142118159,0.04424914875775872,0.027589534157274227,nan,12
29,1600,0.05,12,8,0.9719028298725225,1.4673526260497733,0.4954497961772508,0.30101219971138743,0.44169104171952317,0.004958507438170556,0.008074166478143352,0.046664578766218136,0.027849905601756042,nan,12
30,1600,0.05,12,8,0.9904149980562773,1.6100042600757973,0.61958926201952,0.3840128746818066,0.6182623641616619,0.005679848833311615,0.00799564519900757,0.045585567957423585,0.02630726305145574,nan,12
31,1600,0.05,12,8,1.0604218002525134,1.5387847452468644,0.47836294499435095,0.31273444955993424,0.48123100029600174,0.004520803169080233,0.008554504061354912,0.04025366321761411,0.02362711620482916,nan,12
32,1600,0.05,12,8,1.0155793122106593,1.5601548378141157,0.5445755256034563,0.43155918037847835,0.6732991430705776,0.004517188925972228,0.010883725726927362,0.04540009786849526,0.026461265953269454,nan,12
33,1600,0.05,12,8,0.9631937841559701,1.6117268209294757,0.6485330367735056,0.3971297642149147,0.6400646923745767,0.0036502347115109426,0.00475440988225187,0.040581537219411865,0.02229025918559014,nan,12
34,1600,0.05,12,8,1.1297559574132006,1.4982479935150363,0.3684920361018358,0.3096620617565572,0.4639505626944911,0.003779769505397289,0.00950349924403257,0.045546099008776,0.02738322187401396,nan,12
35,1600,0.05,12,8,0.9569238335657545,1.5031730590413064,0.5462492254755519,0.3268731042432467,0.49134684402364903,0.0033060958433510576,0.01179075346048808,0.04519568256432736,0.025820092807239958,nan,12
36,1600,0.05,12,8,0.976068987545545,1.6382900995167493,0.6622211119712043,0.4679927393899267,0.7667078715882392,0.004923054075196227,0.020597428233443814,0.04805343804705222,0.03015617722410403,nan,12
37,1600,0.05,12,8,1.0070971836794917,1.4668738275186946,0.4597766438392028,0.3017300573883649,0.4425999241587062,0.004536685553198111,0.007694091354561047,0.044878335098014616,0.025933706704818815,nan,12
38,1600,0.05,12,8,1.0959842903540455,1.3797748951559037,0.28379060480185814,0.22894413324122578,0.31589136743947155,0.004491625069121714,0.01048803629864542,0.04395204792758745,0.026228186396000767,nan,12
39,1600,0.05,12,8,1.005384554589871,1.4633787136990033,0.4579941591091323,0.3163601681992497,0.4629547360050184,0.0030817162700922315,0.004515459936025354,0.04455670925202168,0.025805933581539216,nan,12
0,1600,0.2,12,8,1.007951364909034,1.5229948700956226,0.5150435051865887,0.3398995652528515,0.5176652942278251,0.008340013781230901,0.005021272836827198,0.02785298018871194,0.026791284167451104,nan,12
1,1600,0.2,12,8,1.1049332930770452,1.5478272551509553,0.4428939620739101,0.33567734358977164,0.5195705413449203,0.007941304029798925,0.009406444969733266,0.028343596665977983,0.026328093483152706,nan,12
2,1600,0.2,12,8,0.9636566059531948,1.5555089391367163,0.5918523331835215,0.34595096594868746,0.538129820036165,0.0058382115322325985,0.004118125407668816,0.02560990140256964,0.024092371953329285,nan,12
3,1600,0.2,12,8,0.9989448211262867,1.5784379250381966,0.5794931039119099,0.3606521864318893,0.5692670888120401,0.007646079146744495,0.010553089365370909,0.02790321396112843,0.02756358704156076,nan,12
4,1600,0.2,12,8,0.9768426898762185,1.5085557238910696,0.5317130340148511,0.33885192511591833,0.5111770111851267,0.007886085103502059,0.010655833549489499,0.029091967964776113,0.027893776925407038,nan,12
5,1600,0.2,12,8,0.9594235083345861,1.5328527872712372,0.5734292789366511,0.32947527800646026,0.5050370982291683,0.007524113703480179,0.016433091853782326,0.02793615800354974,0.030064755769713607,nan,12
6,1600,0.2,12,8,1.0429986189442064,1.5711066188740404,0.5281079999298339,0.3507690486686668,0.5510955740594928,0.008033259233007177,0.005932649538202446,0.028058652046515455,0.026178622512445397,nan,12
7,1600,0.2,12,8,1.0568598545196726,1.5452359438267282,0.48837608930705567,0.35703022107513116,0.5516959306376957,0.007495325948171937,0.006762770722587491,0.029414043758749904,0.027210249895009097,nan,12
8,1600,0.2,12,8,0.9960081107304255,1.5520862445538102,0.5560781338233847,0.3484815256043614,0.5408733823716557,0.005655728597230679,0.008756008905842438,0.030721302215050043,0.028408124280718455,nan,12
9,1600,0.2,12,8,0.9843071678003179,1.5554975339930877,0.5711903661927697,0.3484321290629521,0.5419853175213832,0.006942674153153153,0.008402444786623449,0.0295304604441948,0.027975619587084874,nan,12
10,1600,0.2,12,8,1.0590407287397863,1.6147958892264274,0.5557551604866411,0.3590662919194726,0.5798187721513407,0.008433378657357367,0.007027428418971346,0.02886647249849305,0.029012165244538146,nan,12
11,1600,0.2,12,8,1.0258114556276374,1.5849131581890712,0.5591017025614338,0.34628403224062865,0.5488301191689409,0.009189928227422473,0.012372731866224701,0.031895471873781375,0.03059644585823174,nan,12
12,1600,0.2,12,8,0.9642517030156479,1.5606687915405997,0.5964170885249518,0.3471294748364626,0.5417541380011451,0.010471130118463158,0.008695913431186607,0.028432698745418945,0.02759465607274707,nan,12
13,1600,0.2,12,8,1.0342473381374477,1.5854646065860016,0.5512172684485539,0.3530218418544239,0.5597036356119899,0.009848954318394124,0.006443080705538,0.028914799524227555,0.027393781886544084,nan,12
14,1600,0.2,12,8,0.9825346384840788,1.6132626313309375,0.6307279928468587,0.36041305423649206,0.5814409122435831,0.00768216397932988,0.00927622538972931,0.029191856143326353,0.02698327227776148,nan,12
15,1600,0.2,12,8,0.9715720766357744,1.550271658343842,0.5786995817080677,0.33150667606704165,0.5139254044585075,0.00545105544906747,0.009752488521174177,0.028262866406546745,0.02866673179570164,nan,12
16,1600,0.2,12,8,1.0401419863008199,1.6013604619489192,0.5612184756480993,0.3404749269263874,0.5452230862648643,0.008887853091475611,0.00879184525764972,0.029892745846492506,0.028302705552487265,nan,12
17,1600,0.2,12,8,1.0489109827201986,1.511208063508946,0.4622970807887474,0.34383756022916817,0.5196100935555619,0.00986734333671325,0.005200024532668615,0.02689396159498396,0.028057444987054606,nan,12
18,1600,0.2,12,8,1.083771460128369,1.5796980712466702,0.49592661111830116,0.34580160134003735,0.5462621226708669,0.007842314518819643,0.005303585849949249,0.029803619657528098,0.02846084616388093,nan,12
19,1600,0.2,12,8,1.0367584805512509,1.5896463721145548,0.552887891563304,0.3309570668026652,0.5261047005685311,0.007237907499678233,0.008372877984320529,0.029105547838712942,0.02741657524878067,nan,12
20,1600,0.2,12,8,1.0553728776146414,1.5426128235357541,0.48723994592111275,0.3418225531534148,0.5272998538681896,0.010572643905753316,0.009654895635317282,0.029847650337461375,0.02857104986252299,nan,12
21,1600,0.2,12,8,1.0250221958265258,1.561012481467446,0.5359902856409202,0.3368201988179654,0.5257805343651907,0.0073498064198644075,0.005377797439548013,0.026074377269799366,0.025981412730808513,nan,12
22,1600,0.2,12,8,0.9482022895029515,1.5939191003766733,0.6457168108737218,0.34730181368997803,0.5535709944359167,0.011221777634532793,0.006308686496749066,0.028223643515910564,0.027810337782280144,nan,12
23,1600,0.2,12,8,1.107587946541443,1.540344648185567,0.43275670164412383,0.351936138498486,0.5421029474392374,0.009994667461492975,0.01000933676822547,0.02988939589983961,0.029329132606980213,nan,12
24,1600,0.2,12,8,1.038262335243995,1.6006466997231978,0.5623843644792028,0.34804392701503556,0.5570953631353182,0.0069696822956768125,0.009150319214245757,0.029678784490885422,0.02803104637900674,nan,12
25,1600,0.2,12,8,1.0202422584480937,1.6200528718453648,0.5998106133972712,0.3463726505715579,0.5611420072871435,0.008866501785605,0.010416717829695436,0.02804487786506933,0.027293903480210734,nan,12
26,1600,0.2,12,8,1.0215374900465992,1.5668313748879394,0.5452938848413402,0.3514327910738413,0.5506359232189327,0.005824971239957,0.005015085021318498,0.024504903233584143,0.023773929352097142,nan,12
27,1600,0.2,12,8,0.9938348129937749,1.5062389094459587,0.5124040964521839,0.3352018348905334,0.5048940462298014,0.007182040105500265,0.007463877169466032,0.029491458756373,0.02905222820086415,nan,12
28,1600,0.2,12,8,0.9948941896911148,1.5422746695954097,0.547380479904295,0.3288211094217082,0.5071324678893611,0.005599839764991208,0.010041700250929105,0.028325685417453512,0.025944017818581765,nan,12
29,1600,0.2,12,8,0.9906539246145302,1.534223032801057,0.5435691081865269,0.34028935821605716,0.5220797711921645,0.009428849034659365,0.00971032421030471,0.029932173821784033,0.028997141239543202,nan,12
30,1600,0.2,12,8,1.0055289955756697,1.5935903789339612,0.5880613833582915,0.33742278436906303,0.5377137028036474,0.01055931893384381,0.008328579713583098,0.03087766514003497,0.029270675115910076,nan,12
31,1600,0.2,12,8,1.0427197562190182,1.6033304778650892,0.560610721646071,0.33986415474668186,0.544914557639212,0.008384876773900856,0.006256085300482224,0.028022361802509988,0.027783225742579108,nan,12
32,1600,0.2,12,8,1.0047222262184814,1.5482183328888643,0.543496106670383,0.35473346156734475,0.5492048484876906,0.008828324306512878,0.011319589318463483,0.02821655795259321,0.027635537345796976,nan,12
33,1600,0.2,12,8,0.9782302569743386,1.6068663108084116,0.628636053834073,0.34458286206753164,0.5536985923382584,0.006978645253974125,0.006949895757719912,0.03002996095126753,0.028541113827485316,nan,12
34,1600,0.2,12,8,1.158912841334654,1.5583024372497833,0.39938959591512924,0.3466781327819438,0.540229379255307,0.0055789931420344215,0.012164406648953241,0.0287807457649049,0.02714369492141097,nan,12
35,1600,0.2,12,8,0.986661631243347,1.560221746590174,0.5735601153468269,0.34504269481616073,0.5383431159542507,0.0062980216638671834,0.009965891703555566,0.031486332334646566,0.030006242167238177,nan,12
36,1600,0.2,12,8,1.0344814787829855,1.6071048266824335,0.572623347899448,0.3592795744448781,0.5773999382187743,0.009252181037224722,0.012159201412950953,0.03328026983962245,0.03266754367727404,nan,12
37,1600,0.2,12,8,1.0439294372941827,1.525813724450761,0.4818842871565783,0.34789776319644783,0.530827181790861,0.008606696566385082,0.010250981569373895,0.0291109349446489,0.02749406205085659,nan,12
38,1600,0.2,12,8,1.0609136074141339,1.4774523566309639,0.41653874921683,0.3390759147402195,0.500968509309737,0.009206500015885128,0.006674392537555557,0.0293432097583253,0.02856795862283671,nan,11
39,1600,0.2,12,8,1.058282708112112,1.5297095535190888,0.47142684540697677,0.34846922364244526,0.5330567005132284,0.005669384889912708,0.008198605830504017,0.02851762000465485,0.02698470996555283,nan,12
