n,scaled_signal,signal,candidate_scaling,efficient_information,replications,bootstrap_replications,bootstrap_draws,clipped_rmse,clipped_oracle_wald_coverage,mle_rmse,mle_artificial_bound_rate,profile_coverage,profile_full_domain_rate,profile_disconnected_rate,profile_mean_hull_width,bootstrap_coverage,bootstrap_full_domain_rate,bootstrap_mean_hull_width
100,0.5,0.05,0.25000000000000006,0.012619469774873536,180,40,79,1.2087701184983726,1.0,1.055924000429994,0.9277777777777778,1.0,1.0,0.0,1.99,0.05,0.0,0.044036918570581854
100,2.0,0.2,4.000000000000001,0.17382478274903565,180,40,79,1.0073006258822883,1.0,0.97332435344702,0.7333333333333333,1.0,0.9833333333333333,0.0,1.9791655555555556,0.125,0.0,0.24838245832242647
100,8.0,0.8,64.00000000000001,1.6156640016848731,180,40,79,0.7306456380751646,1.0,0.730645782638199,0.28888888888888886,0.9666666666666667,0.7055555555555556,0.0,1.8142166666666666,0.4,0.0,0.6692042673720462
100,16.0,1.6,256.00000000000006,3.5957515875850254,180,40,79,0.5279441304368564,0.9388888888888889,0.5278493841441412,0.2222222222222222,0.9722222222222222,0.3888888888888889,0.0,1.5685622222222224,0.6,0.0,0.9026709464198935
400,0.5,0.025,0.25000000000000006,0.012943935293148284,180,40,79,1.2196590439674164,1.0,1.0618778764264372,0.8722222222222222,1.0,1.0,0.0,1.99,0.1,0.0,0.15265593787150933
400,2.0,0.1,4.000000000000001,0.19198019825176293,180,40,79,1.0354190853940943,1.0,1.002544779191327,0.7666666666666667,1.0,1.0,0.0,1.99,0.05,0.0,0.1575413605714078
400,8.0,0.4,64.00000000000001,2.2963544109322553,180,40,79,0.6726978800357573,0.9055555555555556,0.6726979585032568,0.25555555555555554,0.9944444444444445,0.6555555555555556,0.0,1.7859144444444446,0.4,0.0,0.7414698309856156
400,16.0,0.8,256.00000000000006,6.4626560067394925,180,40,79,0.43851090673528914,0.9277777777777778,0.4384495315817522,0.07222222222222222,0.9611111111111111,0.10555555555555556,0.0,1.3943266666666665,0.575,0.0,0.8438328012611566
1600,0.5,0.0125,0.25000000000000006,0.013109787176414079,180,40,79,1.2110074667620923,1.0,1.0974043783383214,0.8777777777777778,1.0,1.0,0.0,1.99,0.1,0.0,0.1452404128069203
1600,2.0,0.05,4.000000000000001,0.20191151639797658,180,40,79,1.000217359349528,1.0,0.9946203321138422,0.6555555555555556,1.0,0.9888888888888889,0.0,1.9873466666666666,0.2,0.0,0.31482122092261094
1600,8.0,0.2,64.00000000000001,2.7811965239845704,180,40,79,0.6175867969582929,0.9111111111111111,0.6175868872466466,0.28888888888888886,0.9666666666666667,0.5055555555555555,0.0,1.668283333333333,0.4,0.0,0.5624871119180939
1600,16.0,0.4,256.00000000000006,9.185417643729021,180,40,79,0.35908572631394176,0.95,0.35908597357983546,0.044444444444444446,0.9333333333333333,0.0,0.0,1.2671877777777778,0.775,0.0,0.9733141396326047
