t0,I_a_eff,I_k_eff,lambda_min,cond
0.0,60.75676969214177,10.321762281251297,6.991001388082504,139.91278258988632
0.1,56.34070650727,7.156624109685916,5.1799510943902805,201.00242075725635
0.2,51.43994197302224,4.739424865698408,3.620647101914246,304.80639919885016
0.30000000000000004,46.248355045956366,3.015143581662103,2.4034152703683156,483.5665322712081
0.4,40.96839177076947,1.8548909103524593,1.5274276251398715,795.2705496530108
0.5,35.792890120990656,1.110644605036238,0.9370767616389815,1344.464433063424
0.6000000000000001,30.88512811743865,0.6510265063312721,0.5591955817690843,2320.0861037468107
0.7000000000000001,26.364684180439404,0.3754085107720834,0.32667724128144265,4064.273271893939
0.8,22.303019528443446,0.21379259216881702,0.1877982342847827,7197.556884659851
0.9,18.727895998348163,0.12061319271509408,0.10666841832582766,12846.725106813092
1.0,15.633003373579621,0.06756663009383797,0.06004680180457499,23059.67053735373
1.1,12.988991679532276,0.03765131384653906,0.0335784179301347,41560.816051863076
1.2000000000000002,10.753342396640642,0.02089882998134775,0.018685208140375855,75126.94406406578
1.3,8.877945287279102,0.011566309322383471,0.01036001737649985,136093.24247357826
1.4000000000000001,7.31426060483621,0.006387410512273266,0.005728757006679737,246918.4242182852
1.5,6.01645388398578,0.0035217212603263375,0.003161567390136748,448501.2938666981
1.6,4.943038141214492,0.001939393279658034,0.0017422541974467937,815332.309878481
1.7000000000000002,4.057517731047367,0.0010670670742719385,0.0009590771387896723,1483098.5191049336
1.8,3.3284191285682896,0.0005867215792244441,0.0005275345017859,2698978.9200871363
1.9000000000000001,2.728979872740852,0.0003224488164930534,0.00028999717225006215,4913282.976077244
2.0,2.236673005159536,0.00017714654178906577,0.00015934880127749216,8946419.215262292
2.1,1.8326757314657012,9.729451302198234e-05,8.753164816274757e-05,16293121.306935491
2.2,1.5013445474562312,5.3426644725896e-05,4.807053226253766e-05,29676769.877339475
2.3000000000000003,1.2297292865514595,2.9333483739650365e-05,2.6394718769858843e-05,54059412.58393921
2.4000000000000004,1.0071403639601935,1.6103568004058886e-05,1.4491028252962216e-05,98482111.24162771
2.5,0.8247729424799418,8.839863372810232e-06,7.95499624005068e-06,179418255.23589227
