signal,mechanism,lambda_min,I_eff,cond,rmse_a,plugin_valid_rate,var_a_hat
0.01,mean,0.0047455310660980896,0.00949324526439715,203402.384050972,0.5385067693993639,0.34,0.2302573346753822
0.02,mean,0.018969017705158003,0.0379729810575886,50886.03343913782,0.5442488507703808,0.3125,0.2685321655394859
0.04,mean,0.07566590317283532,0.1518919242303544,12757.146598039984,0.5176497432506298,0.3875,0.24140497643637226
0.06,mean,0.169456509737773,0.3417568295182974,5696.560612507989,0.5278471081732959,0.4775,0.24843483559618573
0.1,mean,0.4635934295518889,0.9493245264397152,2082.518278880794,0.6180061774233737,0.67,0.35352460790595586
0.15,mean,1.011090916235845,2.135980184489359,955.0886218639303,0.5071499037890329,0.8,0.22504682650765287
0.25,mean,2.5144752428182304,5.933278290248219,384.35513079551976,0.4513095401421596,0.91,0.18116914985692578
0.4,mean,4.76333949701586,15.189192423035443,203.29202624286893,0.3785052287320933,0.98,0.13527793075289946
0.6,mean,6.35963009779594,34.17568295182974,152.89161603117293,0.29462124525170236,1.0,0.08525594993932314
0.9,mean,7.160424405070812,76.89528664161692,137.11169298094097,0.1820950060554355,1.0,0.032733809117203846
0.01,variance,0.001889611705861457,0.0021029200436559364,757740.6590234138,0.12376390977842713,0.1925,0.015362929201204608
0.02,variance,0.007469674616932609,0.008326389830565547,190639.03922501675,0.11965638360611343,0.22,0.013831387758722507
0.04,variance,0.02917998318848498,0.03263515336156462,48277.15024360092,0.16751691643355887,0.23,0.02762091768736316
0.06,variance,0.06411709070455614,0.07195593333886406,21740.08593108253,0.12548911747336805,0.31,0.015974020224653347
0.1,variance,0.1698420435627751,0.19198019825176293,8040.5517039619335,0.1488916450509881,0.5,0.022171041188454414
0.15,variance,0.360084002214974,0.4109122030752922,3700.859418874795,0.1370026257953941,0.62,0.01879393304921516
0.25,variance,0.8881326198817387,1.0346375776238441,1434.017474975785,0.16105517311046522,0.8075,0.02569976056956349
0.4,variance,1.9048862237108457,2.2963544109322553,629.735023010525,0.17616623508729845,0.935,0.031129563232290366
0.6,variance,3.401999595213091,4.310890856946869,329.6531519191954,0.18239884706497184,0.9875,0.03249626985454769
0.9,variance,5.493589056851161,7.5402309060927095,188.36113841700475,0.21209004129828318,1.0,0.044238328950428896
